Task_ID,Phase,Workstream,Applies_To,Task,Step_By_Step,Owner_Role,Depends_On,Planned_Start,Planned_End,Planning_Week_Start,Planning_Week_End,Effort_Hours_Estimate,Priority,Deliverable,Acceptance_Criteria,Gate,Status,Source_IDs,Source_URLs
STR-01,01 Foundation,Strategy,Series,Freeze the series promise and exclusions,"1) Review all three age bands; 2) agree practical independence plus help-seeking promise; 3) exclude certification, political persuasion and guaranteed school adoption",Series producer,,2026-09-28,2026-10-02,1,1,3-5,P0,One-page series charter,Three distinct age bands; common identity; trade-first route; excluded claims documented,G0 Charter,NOT STARTED - proposed plan,,
LEG-01,02 Governance,Legal,Series,Commission publishing and school-route legal review,1) Provide planned SKUs and sales channels; 2) ask about natural-person publishing versus recurring trade; 3) review school-material restrictions and current amendments,Publisher counsel,,2026-09-28,2026-10-09,1,2,4-8,P0,Written legal issue checklist,"ISBN eligibility, commerce eligibility and school approval treated separately",,NOT STARTED - proposed plan,S15;S16;S17;S24,https://narodne-novine.nn.hr/clanci/sluzbeni/2025_07_105_1477.html | https://narodne-novine.nn.hr/clanci/sluzbeni/2018_12_116_2288.html | https://www.azoo.hr/drugi-obrazovni-materijali-arhiva/postupak-za-objavu-drugog-obrazovnog-materijala-u-virtualni-repozitorij/ | https://nsk.hr/nakladnici/hrvatski-ured-za-isbn/
CUR-01,03 Curriculum,Evidence,Series,Establish the source and version register,"1) Review the 34 seed sources; 2) archive dated official text references; 3) label enacted, guidance, experimental and unknown; 4) assign review owners",Curriculum lead,,2026-09-28,2026-10-09,1,2,6-10,P1,Versioned evidence register,Each substantive external claim traceable; seed references are not full technical validation,,NOT STARTED - proposed plan,S01;S08;S17,https://narodne-novine.nn.hr/clanci/sluzbeni/2019_01_7_157.html | https://mzom.gov.hr/print.aspx?id=7472&url=print | https://www.azoo.hr/drugi-obrazovni-materijali-arhiva/postupak-za-objavu-drugog-obrazovnog-materijala-u-virtualni-repozitorij/
STR-02,01 Foundation,Strategy,Series,"Confirm readers, buyers and actual launch scope","1) Separate child reader, parent buyer and institutional user; 2) prioritise Book 1 plus essential printables; 3) defer app, full videos and physical decks",Series producer,STR-01,2026-10-05,2026-10-09,2,2,4-6,P1,Audience and scope decision,Core and deferred products explicitly marked; no assumption about user budget,,NOT STARTED - proposed plan,,
STR-03,01 Foundation,Research,Series,Audit comparable Croatian and translated products,"1) Examine 12 relevant available titles/resources; 2) record age, contents, format, price and channel with dated sources; 3) compare practical exercises and gaps without copying",Market researcher,STR-01,2026-10-05,2026-10-16,2,3,10-16,P1,Dated competitor matrix,At least 12 sourced comparables; no invented sales estimates,,NOT STARTED - proposed plan,,
STR-04,01 Foundation,Research,Series,Interview buyers and educators about unmet needs,"1) Recruit a varied voluntary adult sample; 2) ask about actual past purchases and classroom preparation; 3) record objections, access constraints and willingness to try",Research lead,STR-01,2026-10-05,2026-10-23,2,4,12-20,P1,Anonymous research notes,Proposed sample: 15 caregivers and 8 educators across age bands; limitations stated; no sales promises,,NOT STARTED - proposed plan,,
STR-05,01 Foundation,Team,Series,Build the editorial and specialist roster,"1) Scope author, editor, teacher and illustrator roles; 2) seek qualified safety/health/automotive/financial reviewers; 3) verify availability and conflicts",Series producer,STR-01,2026-10-05,2026-10-23,2,4,8-14,P1,Role and quotation register,"Named contracted owners before risky work; role labels in this plan are not appointments; legal review of agency/Ministry authorship, editor and reviewer restrictions before contracting",,NOT STARTED - proposed plan,,
STR-06,01 Foundation,Finance,Series,Set a stage budget and personal cash-at-risk ceiling,1) Set available cash and time inputs; 2) cap discovery/prototype spending; 3) reserve production only after quotes; 4) base case excludes grants and school orders,Series producer and accountant,STR-01,2026-10-05,2026-10-16,2,3,4-8,P0,Approved stage-budget assumptions,Owner has accepted a maximum exposure; no estimated price presented as a supplier quote,G0 Cash cap,NOT STARTED - proposed plan,,
DSN-01,04 Design,Brand,Series,Write a three-book art-direction brief,1) Translate charter into visual principles; 2) adopt common trim/grid/spine; 3) specify maturity differences without changing identity,Art director,STR-01,2026-10-05,2026-10-09,2,2,4-6,P1,Art-direction brief,All 30 design rules accepted or deliberately revised,,NOT STARTED - proposed plan,,
STR-07,01 Foundation,Finance,Series,Obtain fixed-production quotations,"1) Request editorial, Croatian proofreading, illustration, layout and expert-review quotes; 2) separate revisions and rights; 3) compare scope, not headline cost",Production manager,STR-02,2026-10-12,2026-10-30,3,5,8-12,P1,Comparable supplier quotes,At least two feasible quotes for major production services; specialist review not omitted,,NOT STARTED - proposed plan,,
LEG-02,02 Governance,Legal / tax,Series,"Choose the publisher, contracting party and sales setup","1) Compare feasible structures with accountant/counsel; 2) identify who owns IP and invoices; 3) define tax, consumer, payment and refund duties",Series producer and accountant,LEG-01,2026-10-12,2026-10-23,3,4,6-10,P0,Setup decision and implementation checklist,No payments collected until the chosen sales route is compliant,G1 Sales eligibility,NOT STARTED - proposed plan,S24,https://nsk.hr/nakladnici/hrvatski-ured-za-isbn/
LEG-03,02 Governance,Rights,Series,Prepare creator contracts and rights schedule,"1) Specify print, digital, audio, cards, translations and territory; 2) include revisions/source files and attribution; 3) archive licences and contractor assignments",Rights manager,LEG-01,2026-10-12,2026-10-23,3,4,6-10,P1,Reusable contract and rights register,Every public asset has documented rights; no font redistribution,,NOT STARTED - proposed plan,,
LEG-04,02 Governance,School compliance,Series,Clear lawful school contacts and pilot arrangements,1) Review gift/donation/conflict rules; 2) distinguish evaluation from formal adoption; 3) approve paid-consultancy and sample channels; 4) log written school permissions,Publisher counsel,LEG-01,2026-10-12,2026-10-30,3,5,6-10,P0,School-contact and evaluation protocol,"No gifts for adoption, informal classroom distribution or hidden incentives",G2 School access,NOT STARTED - proposed plan,S15;S16,https://narodne-novine.nn.hr/clanci/sluzbeni/2025_07_105_1477.html | https://narodne-novine.nn.hr/clanci/sluzbeni/2018_12_116_2288.html
LEG-05,02 Governance,School compliance,Series,Request written AZOO classification guidance,"1) Describe cross-curricular books, multi-grade guide, cards and digital extras; 2) ask about applicant status and standalone materials; 3) confirm fees, deadline, current forms and submission channel; 4) coordinate with ASOO if any vocational-subject scope is proposed",Curriculum lead and counsel,LEG-01,2026-10-12,2026-10-30,3,5,4-8,P0,Written enquiry and response log,"Unanswered questions remain blockers, not assumed approvals",,NOT STARTED - proposed plan,S17;S18;S19;S20;S34,https://www.azoo.hr/drugi-obrazovni-materijali-arhiva/postupak-za-objavu-drugog-obrazovnog-materijala-u-virtualni-repozitorij/ | https://www.azoo.hr/app/uploads/2020/11/Postupak-za-objavu-DOM-a.pdf | https://www.azoo.hr/app/uploads/2020/10/Izmjena-postupka.pdf | https://www.azoo.hr/drugi-obrazovni-materijali-arhiva/agencija-za-odgoj-i-obrazovanje-objavljuje-katalog-odobrenih-drugih-obrazovnih-materijala/ | https://www.asoo.hr/obrazovanje/strukovno-obrazovanje/drugi-obrazovni-materijali/
LEG-08,02 Governance,Brand,Series,"Check title, imprint and domain availability",1) Search relevant brand/publication records; 2) check domain options and potential confusion; 3) obtain counsel advice on protectable marks and ownership,Rights manager,LEG-01,2026-10-12,2026-10-30,3,5,4-8,P1,Brand-clearance note and owned domain if approved,No assumption that the descriptive series title is exclusively protectable,,NOT STARTED - proposed plan,,
CUR-02,03 Curriculum,Mapping,Series,Confirm cycles and book/grade boundaries,"1) Map grades 1-2, 3-5 and 6-8; 2) distinguish three- and four-year high-school routes; 3) identify combined code formats",Curriculum lead,CUR-01,2026-10-12,2026-10-23,3,4,5-8,P0,Grade/cycle map,Book boundaries are not mistaken for official cycle boundaries,,NOT STARTED - proposed plan,S01;S02;S03,https://narodne-novine.nn.hr/clanci/sluzbeni/2019_01_7_157.html | https://narodne-novine.nn.hr/clanci/sluzbeni/2019_01_7_153.html | https://narodne-novine.nn.hr/clanci/sluzbeni/2019_01_7_154.html
CUR-04,03 Curriculum,Policy fit,B1,Map experimental practical-skills opportunities precisely,1) Inspect exact Praktične vještine grade outcomes; 2) select safe B1 making/maintenance tasks; 3) record experimental-only scope and classroom resources,Primary curriculum specialist,CUR-01,2026-10-12,2026-10-30,3,5,6-10,P1,Practical-skills mapping appendix,No claim of universal subject rollout; no grade-3 code applied across all grades,,NOT STARTED - proposed plan,S09;S10;S11,https://mzom.gov.hr/UserDocsImages//dokumenti/Obrazovanje/OsnovneSkole//Eksperimentalni-kurikulum-nastavnog-predmeta-Prakticne-vjestine-za-osnovne-skole.pdf | https://gov.hr/?id=2591 | https://mzom.gov.hr/cjelodnevna-skola-7470/7470
CUR-05,03 Curriculum,Policy fit,B2;B3,Map digital and AI progression,1) Retrieve exact BrAIn grade-band curricula; 2) map source-checking/privacy/AI tasks; 3) separate primary extracurricular and secondary optional use; 4) keep offline equivalents,Digital curriculum lead,CUR-01,2026-10-12,2026-10-30,3,5,8-12,P1,AI alignment candidate matrix,Official programme outcomes distinguished from the book's own activities,,NOT STARTED - proposed plan,S04;S12;S13,https://narodne-novine.nn.hr/clanci/sluzbeni/2019_01_7_150.html | https://narodne-novine.nn.hr/eli/sluzbeni/2026/22/257 | https://www.carnet.hr/carnet-ov-projekt-brain-od-ove-skolske-godine-kurikuli-o-umjetnoj-inteligenciji-dostupni-od-5-razreda-osnovne-do-kraja-srednje-skole/
CUR-06,03 Curriculum,Policy fit,B3,Select two vocational-context pilot routes,1) Review ASOO modular resources; 2) choose contrasting qualification families with teachers; 3) map transferable tasks to actual SIU where justified,Vocational curriculum lead,CUR-01,2026-10-12,2026-10-30,3,5,6-12,P1,Qualification-specific discovery notes,No generic claim that Book 3 covers vocational modules,,NOT STARTED - proposed plan,S14;S15,https://www.asoo.hr/obrazovanje/strukovno-obrazovanje/modularna-nastava/ | https://narodne-novine.nn.hr/clanci/sluzbeni/2025_07_105_1477.html
CUR-07,03 Curriculum,Inclusion,Series,Specify accessible and low-resource alternatives,"1) Review reading, motor, sensory and language barriers; 2) specify paper/oral/adapted routes; 3) check costs and family assumptions",Special educator,CUR-01,2026-10-12,2026-11-06,3,6,10-16,P0,Accessibility and inclusion requirements,Every practical task has a feasible non-hazardous alternative,,NOT STARTED - proposed plan,S23,https://mzom.gov.hr/print.aspx?id=7324&url=print
DSN-02,04 Design,Covers,Series,Prototype all three covers and spines together,1) Produce two coherent family directions; 2) test thumbnail and shelf views; 3) choose one direction before detailed artwork,Art director,DSN-01,2026-10-12,2026-10-23,3,4,16-24,P1,Three-cover/spine mockups,Recognisable set; titles legible; high-school cover not childish,,NOT STARTED - proposed plan,,
DSN-03,04 Design,Layout,Series,Prototype two- and four-page chapter templates,"1) Lay out money, food and safety examples; 2) test type sizes by age; 3) include step, stop and assessment zones",Book designer,DSN-01,2026-10-12,2026-10-30,3,5,16-26,P1,Editable chapter templates,192/224/256-page architecture feasible without tiny safety text,,NOT STARTED - proposed plan,,
OPS-01,10 Operations,Policy monitoring,Series,Review policy and approval tracker on its specified cadence,1) Recheck original official sources; 2) log enacted/guidance/experimental/unknown status; 3) update route and deadlines; 4) communicate only changes that alter product decisions,Policy lead,CUR-01,2026-10-12,2029-06-29,3,144,2-4 per quarterly review; extra during filing windows,P1,Dated policy change log,"No unverified 2027/2028 rollout, future funding or post-2026 finance strategy stated as fact",,NOT STARTED - proposed plan,S08;S10;S11;S12;S13;S14;S17;S21;S22,https://mzom.gov.hr/print.aspx?id=7472&url=print | https://gov.hr/?id=2591 | https://mzom.gov.hr/cjelodnevna-skola-7470/7470 | https://narodne-novine.nn.hr/eli/sluzbeni/2026/22/257 | https://www.carnet.hr/carnet-ov-projekt-brain-od-ove-skolske-godine-kurikuli-o-umjetnoj-inteligenciji-dostupni-od-5-razreda-osnovne-do-kraja-srednje-skole/ | https://www.asoo.hr/obrazovanje/strukovno-obrazovanje/modularna-nastava/ | https://www.azoo.hr/drugi-obrazovni-materijali-arhiva/postupak-za-objavu-drugog-obrazovnog-materijala-u-virtualni-repozitorij/ | https://narodne-novine.nn.hr/eli/sluzbeni/2026/81/969 | https://mfin.gov.hr/istaknute-teme/financijska-trzista-i-financijska-pismenost/financijska-pismenost-potrosaca/3293
STR-08,01 Foundation,Finance,Series,Build per-channel unit economics,1) Collect printing/freight/fulfilment terms; 2) model net receipts after relevant tax and channel costs; 3) calculate contribution and break-even; 4) stress-test returns and low sales,Commercial lead and accountant,STR-03;STR-06,2026-10-19,2026-11-06,4,6,10-16,P1,Quote-driven financial workbook,"Separate direct, bookstore, institutional and bundle cases; derived values use formulas; no assumed VAT rate",,NOT STARTED - proposed plan,,
LEG-06,02 Governance,Privacy,Series,Design child-safe research and digital privacy controls,"1) Inventory personal data; 2) define lawful basis, consent where required and assent; 3) minimise retention; 4) create incident and withdrawal process",Privacy and safeguarding leads,LEG-01,2026-10-19,2026-11-06,4,6,8-14,P0,Privacy and safeguarding protocol,Fictional examples; no child accounts by default; approved participant information before recruitment,G2 Participant protection,NOT STARTED - proposed plan,S27,https://azop.hr/primjena-opce-uredbe-o-zastiti-podataka-u-skolskim-ustanovama/
DSN-06,04 Design,Print,Series,Quote manufacturing options before locking design,"1) Ask printers for 300/500/1000-copy scenarios; 2) compare binding, paper, colour, freight, proof and lead time; 3) evaluate short-run alternatives",Production manager,DSN-01,2026-10-19,2026-11-06,4,6,6-10,P1,Print-option matrix,Quotes are dated; landed cost and lead time available; no print quantity committed,,NOT STARTED - proposed plan,,
LEG-07,02 Governance,Publishing,Series,Register or confirm imprint and ISBN publisher details,1) Choose stable imprint and rights owner; 2) follow current NSK forms; 3) plan separate identifiers by eligible edition/format,Production manager,LEG-02,2026-10-26,2026-11-06,5,6,3-6,P1,Publisher registration and identifier register,No inference that ISBN registration alone authorises all sales; identifiers recorded,,NOT STARTED - proposed plan,S24,https://nsk.hr/nakladnici/hrvatski-ured-za-isbn/
CUR-03,03 Curriculum,Mapping,Series,Audit topic coverage and progression,"1) Review all 180 topic outcomes; 2) check money, cooking, safety and independence progression; 3) remove repetition without removing deliberate spiral practice",Lead educator,CUR-02,2026-10-26,2026-11-06,5,6,12-20,P1,Approved topic-scope revision,One primary observable skill per topic; safety tiers and progression clear,,NOT STARTED - proposed plan,,
DSN-07,04 Design,Rights,Series,Build illustration and asset provenance system,1) Assign asset IDs; 2) attach rights/licence and creator; 3) add technical review field and required source-file delivery,Rights manager,LEG-03,2026-10-26,2026-11-06,5,6,4-6,P1,Asset ledger,No public visual asset without provenance and usage rights,,NOT STARTED - proposed plan,,
OPS-03,10 Operations,Funding watch,Series,Screen future funding calls without relying on awards,"1) Watch Ministry/cultural/local calls; 2) check citizenship, entity and nonfiction eligibility; 3) reject closed or poor-fit calls; 4) cap application effort and record decision",Funding lead,STR-06;LEG-02,2026-10-26,2029-06-29,5,144,1-2 per monthly scan; applications separately approved,P2,Funding watch and eligibility notes,2027 literary-creation call already closed 14 September 2026; base-case grant income remains zero,,NOT STARTED - proposed plan,S32,https://min-kulture.gov.hr/vijesti-8/objavljujemo-javni-poziv-za-dodjelu-potpora-za-poticanje-knjizevnoga-stvaralastva-u-2027-godini/30237
STR-09,01 Foundation,Planning,Series,Reserve realistic production capacity,1) Translate quotes into contracted capacity; 2) check overlapping author/editor/design roles; 3) stress-test deadlines; 4) revise later dates if resources are insufficient,Series producer,STR-05;STR-07,2026-11-02,2026-11-13,6,7,5-8,P1,Resource-loaded milestone plan,No single person scheduled as several simultaneous full-time roles; indicative dates accepted or replaced,,NOT STARTED - proposed plan,,
LEG-09,02 Governance,Claims,Series,Create permitted-claims and disclosure rules,"1) List prohibited endorsement/certification claims; 2) distinguish mapped, reviewed, submitted and approved; 3) define evidence required for learning/marketing statements",Publisher counsel and editor,LEG-04;LEG-05,2026-11-02,2026-11-13,6,7,3-5,P1,Claims checklist,No official logo or affiliation without written permission,,NOT STARTED - proposed plan,S16;S17,https://narodne-novine.nn.hr/clanci/sluzbeni/2018_12_116_2288.html | https://www.azoo.hr/drugi-obrazovni-materijali-arhiva/postupak-za-objavu-drugog-obrazovnog-materijala-u-virtualni-repozitorij/
CUR-08,03 Curriculum,School delivery,Series,Choose realistic classroom entry points,"1) Discuss class meeting, library, project and extracurricular routes; 2) check school timetable/facilities; 3) record approval and procurement conditions",School-channel lead,LEG-04;CUR-02,2026-11-02,2026-11-13,6,7,6-10,P1,School-use route matrix,No implicit permission to use unapproved commercial materials,,NOT STARTED - proposed plan,S08;S10;S16;S17,https://mzom.gov.hr/print.aspx?id=7472&url=print | https://gov.hr/?id=2591 | https://narodne-novine.nn.hr/clanci/sluzbeni/2018_12_116_2288.html | https://www.azoo.hr/drugi-obrazovni-materijali-arhiva/postupak-za-objavu-drugog-obrazovnog-materijala-u-virtualni-repozitorij/
VOC-01,03 Curriculum,Jurisdiction,B3,Clarify AZOO versus ASOO for general and vocational variants,"1) Describe general cross-curricular Book 3 and possible qualification-specific appendices; 2) ask the competent agencies for written route guidance; 3) record distinct deadlines, copies and declarations; 4) avoid prohibited agency-staff authorship/review conflicts",Vocational lead and counsel,LEG-05;CUR-06,2026-11-02,2026-11-13,6,7,4-8,P0,Written jurisdiction enquiry and response log,No assumption that a vocational-subject supplement follows AZOO procedure,,NOT STARTED - proposed plan,S16;S17;S34,https://narodne-novine.nn.hr/clanci/sluzbeni/2018_12_116_2288.html | https://www.azoo.hr/drugi-obrazovni-materijali-arhiva/postupak-za-objavu-drugog-obrazovnog-materijala-u-virtualni-repozitorij/ | https://www.asoo.hr/obrazovanje/strukovno-obrazovanje/drugi-obrazovni-materijali/
DSN-04,04 Design,System,Series,Build layout styles and icon library,1) Create named paragraph/object styles; 2) define three safety tiers with shapes and words; 3) add Croatian typography and glossary rules,Book designer,DSN-03,2026-11-02,2026-11-13,6,7,14-22,P1,Production-ready style library,No meaning depends on colour alone; diacritics and glyphs checked,,NOT STARTED - proposed plan,,
DSN-05,04 Design,Companions,Series,"Prototype cards, worksheets, guides and passport",1) Reuse shared icons and topic IDs; 2) make low-ink A4 and A6 variants; 3) test photocopy and handwriting space,Companion designer,DSN-03,2026-11-02,2026-11-13,6,7,12-18,P1,Reusable companion templates,Safety labels survive every format; trade book remains reusable,,NOT STARTED - proposed plan,,
CUR-09,03 Curriculum,Assessment,Series,Define age-appropriate performance evidence,"1) Draft short observable checks; 2) count appropriate help-seeking as competence; 3) separate usability, learning and market evidence",Assessment lead,CUR-03,2026-11-09,2026-11-20,7,8,8-12,P1,Rubrics and pilot measures,"No ranking children, diagnosing readiness or grading political beliefs",,NOT STARTED - proposed plan,,
CUR-10,03 Curriculum,Mapping,Series,Validate seed curriculum anchors against exact lessons,1) Review all rows in 07; 2) confirm exact source and grade; 3) mark partial coverage; 4) assign unmapped topics for later educator work,Curriculum lead,CUR-03,2026-11-09,2026-11-20,7,8,10-16,P1,Reviewed seed mapping and gap backlog,Source-verified code is not misrepresented as an approved lesson,,NOT STARTED - proposed plan,S01;S02;S03;S04;S05;S06;S07;S09,https://narodne-novine.nn.hr/clanci/sluzbeni/2019_01_7_157.html | https://narodne-novine.nn.hr/clanci/sluzbeni/2019_01_7_153.html | https://narodne-novine.nn.hr/clanci/sluzbeni/2019_01_7_154.html | https://narodne-novine.nn.hr/clanci/sluzbeni/2019_01_7_150.html | https://narodne-novine.nn.hr/clanci/sluzbeni/2019_01_7_152.html | https://narodne-novine.nn.hr/clanci/sluzbeni/2019_01_10_217.html | https://narodne-novine.nn.hr/clanci/sluzbeni/2019_01_10_212.html | https://mzom.gov.hr/UserDocsImages//dokumenti/Obrazovanje/OsnovneSkole//Eksperimentalni-kurikulum-nastavnog-predmeta-Prakticne-vjestine-za-osnovne-skole.pdf
PIL-01,05 Prototype,Writing,Series,Write nine representative prototype chapters,"1) Draft B1-016/020/032, B2-017/019/044 and B3-002/013/047; 2) include all assets and sources; 3) use paper versions for initial testing",Lead author,CUR-03;DSN-03;STR-05,2026-11-09,2026-11-27,7,9,35-55,P1,Nine complete prototype packets,"Three ages and food, money, communication/digital reasoning represented",,NOT STARTED - proposed plan,,
PIL-03,05 Prototype,Technical feasibility,B3,Validate automotive chapter concept before authoring,1) Select a specific training vehicle/manual with technician; 2) draw inert jump-start and lifting decision diagrams; 3) assess what belongs in print versus instructor-only demonstration,Automotive reviewer,STR-05;LEG-03,2026-11-09,2026-12-04,7,10,8-14,P0,Automotive content boundary and diagram notes,"No universal connection sequence, EV high-voltage procedure or roadside practice",,NOT STARTED - proposed plan,S30,https://www.fordservicecontent.com/Ford_Content/vdirsnet/OwnerManual/Home/Content?ProcUid=G2099248&Uid=G2099247&countryCode=USA&languageCode=en&vFilteringEnabled=False&variantid=7983
STR-10,01 Foundation,Gate,Series,Approve discovery-to-prototype investment,1) Review research and cash model; 2) choose the primary buyer promise; 3) record stop/revise/continue decision,Series producer,STR-04;STR-08;STR-09,2026-11-16,2026-11-20,8,8,2-4,P0,Gate decision note,Proceed only with credible differentiation and funded prototype; sales targets remain hypotheses,G1 Prototype funding,NOT STARTED - proposed plan,,
DSN-08,04 Design,Proofing,Series,Print and inspect the three age-band prototypes,"1) Print actual-size spreads and cover set; 2) inspect contrast, gutter and icons; 3) record changes for reader testing",Art director,DSN-02;DSN-04;DSN-05,2026-11-16,2026-11-27,8,9,6-10,P1,Physical design proofs and defect log,No cropped content or illegible labels; printer constraints reflected,,NOT STARTED - proposed plan,,
WEB-01,06 Platform,Architecture,Series,Design an account-free content and QR structure,1) Use permanent topic IDs; 2) choose publisher-owned redirects; 3) version supplements and print fallbacks; 4) specify backups and corrections,Web lead,LEG-06;LEG-08,2026-11-16,2026-11-27,8,9,8-12,P1,Content architecture,"No child account, essential paywall or third-party short-link dependence",,NOT STARTED - proposed plan,S12;S27,https://narodne-novine.nn.hr/eli/sluzbeni/2026/22/257 | https://azop.hr/primjena-opce-uredbe-o-zastiti-podataka-u-skolskim-ustanovama/
PIL-04,05 Prototype,Recruitment,Series,Recruit and brief a diverse voluntary pilot sample,1) Use approved adult/school channels; 2) obtain required permissions and assent; 3) include supported readers and varied household contexts; 4) schedule outside school holidays,Pilot coordinator,LEG-04;LEG-06;CUR-09,2026-11-23,2026-12-11,9,11,8-12,P1,Pilot schedule and participant information,"Planning target 12 readers per book band, not a statistically representative sample; no personal-data-rich dataset",,NOT STARTED - proposed plan,S16;S27,https://narodne-novine.nn.hr/clanci/sluzbeni/2018_12_116_2288.html | https://azop.hr/primjena-opce-uredbe-o-zastiti-podataka-u-skolskim-ustanovama/
DSN-09,04 Design,Gate,Series,Freeze design-system version 1 for pilot,1) Resolve proof defects; 2) approve common templates and provisional page counts; 3) preserve change log for pilot revisions,Series producer,DSN-08,2026-11-30,2026-12-04,10,10,2-4,P1,Design system v1,All three books demonstrably form a set,G3 Design ready,NOT STARTED - proposed plan,,
PIL-02,05 Prototype,Safety,Series,Obtain expert and age-level review of prototypes,"1) Check each outcome, claim and illustration; 2) assess privacy/safeguarding and practical alternatives; 3) resolve all critical issues",Review panel,PIL-01;LEG-06;CUR-07,2026-11-30,2026-12-11,10,11,18-30,P0,Signed prototype review sheets,Zero unresolved critical safety/legal errors before children see activities,G4 Safe to test,NOT STARTED - proposed plan,,
WEB-02,06 Platform,Build,Series,Build a minimal accessible website and companion library,"1) Create series, book, sample and adult-contact pages; 2) implement stable asset routes; 3) use accessible navigation and low tracking; 4) add privacy/corrections pages",Web lead,WEB-01;DSN-09,2026-12-07,2027-01-22,11,17,30-50,P1,Staging website,Works on mobile/keyboard; no mandatory app or account; public claims reviewed,,NOT STARTED - proposed plan,,
PIL-05,05 Prototype,Reader testing,Series,Run the first low-risk reader usability sessions,1) Use reviewed paper prototypes; 2) observe comprehension and navigation without coaching beyond agreed support; 3) log confusion and stop signals,Pilot educator,PIL-02;PIL-04;DSN-09,2026-12-14,2026-12-18,12,12,10-16,P1,Anonymous observation notes,No live hazardous activity; no diagnostic or effectiveness claims,,NOT STARTED - proposed plan,,
PIL-08,05 Prototype,Market test,Series,Test a clear adult-facing offer and price hypotheses,1) Show cover and sample to adults; 2) test willingness to pay against real alternatives; 3) use a privacy-compliant interest list; 4) take no money without compliant terms,Commercial lead,PIL-02;STR-08;LEG-02;LEG-09,2026-12-14,2027-01-29,12,18,12-18,P1,Offer-test results,Actual behaviour distinguished from compliments; no invented conversion rate,,NOT STARTED - proposed plan,,
PIL-06,05 Prototype,Revision,Series,Revise confusing wording and visual patterns,1) Group observed issues by severity; 2) rewrite unclear steps; 3) recheck changed safety text and icons,Managing editor,PIL-05,2026-12-21,2027-01-08,13,15,12-20,P1,Revised prototype v2,Every critical issue has closure evidence; adult work only over holiday buffer,,NOT STARTED - proposed plan,,
PIL-07,05 Prototype,Reader / teacher testing,Series,Run the second round and educator feasibility checks,1) Retest revised tasks with appropriate readers; 2) ask educators to prepare a lesson using only the guide; 3) time preparation and note equipment barriers,Pilot educator,PIL-06;LEG-04,2027-01-11,2027-01-29,16,18,16-24,P1,Retest and educator feedback,Proposed eight educator reviewers across stages; lawful evaluation route; limits documented,,NOT STARTED - proposed plan,,
WEB-03,06 Platform,Commerce,Series,"Implement adult checkout, invoicing and fulfilment test","1) Configure approved business/payment route; 2) add accurate shipping/returns terms; 3) test receipts, cancellations and refunds; 4) protect order data",Commerce lead,WEB-02;LEG-02,2027-01-25,2027-02-12,18,20,12-20,P0,Tested adult purchase flow,Accountant/counsel accepts tax/invoice/consumer process; no live preorders before readiness,,NOT STARTED - proposed plan,,
PIL-09,05 Prototype,Analysis,Series,Summarise usability and revise scope,"1) Analyse observed checks by age and support; 2) document sample limitations; 3) revise topics, templates and cost model; 4) identify weak modules",Research lead,PIL-07;PIL-08,2027-02-01,2027-02-05,19,19,8-12,P1,Pilot findings and changed backlog,Proposed usability target: 80% complete at least 2 of 3 core checks with agreed age-appropriate support; not proof of efficacy,,NOT STARTED - proposed plan,,
PIL-10,05 Prototype,Gate,Series,Decide whether to commission Book 1,"1) Review safety, comprehension, buyer evidence and revised quotes; 2) approve maximum print exposure; 3) stop, revise or release the next budget stage",Series producer,PIL-09;PIL-03,2027-02-08,2027-02-12,20,20,3-5,P0,Book 1 production go/no-go,Zero unresolved critical risks; adequate contracted capacity and cash; decision recorded,G5 Book 1 commission,NOT STARTED - proposed plan,,
WEB-04,06 Platform,Quality,Series,"Run privacy, security and accessibility review",1) Audit data collection and processors; 2) test keyboard/mobile and readable alternatives; 3) check access controls/backups; 4) remove blocking issues,Independent web reviewer,WEB-03,2027-02-15,2027-02-26,21,22,10-16,P1,Web audit and fixes,No critical privacy/security/access blockers; restore test completed,G6 Web launch,NOT STARTED - proposed plan,S27,https://azop.hr/primjena-opce-uredbe-o-zastiti-podataka-u-skolskim-ustanovama/
B1-D01,07.1 Book 1 production,Authoring,B1,Draft module 01: Ja i moj dan,"1) Draft B1-001, B1-002, B1-003, B1-004, B1-005, B1-006 within allocated pages; 2) use concrete Croatian scenarios and the listed observable checks; 3) draft worksheet/card/guide notes from the same source; 4) log claims, permissions and stop conditions. Chapters: Jutro bez žurbe; Moja torba, moja provjera; Što obući danas?; Vezice, patentni zatvarač i gumbi; Koliko još imam vremena?; Velik zadatak, mali koraci",Book author,PIL-10;CUR-03;DSN-09,2027-02-15,2027-02-19,21,21,18-30,P1,Six topic manuscript packets for B1-M01,"All six topics have source notes, safety tier, accessible alternative and asset IDs; no unverified placeholders in safety steps",,NOT STARTED - proposed plan,,
B1-D02,07.1 Book 1 production,Authoring,B1,Draft module 02: Moj dom i moje stvari,"1) Draft B1-007, B1-008, B1-009, B1-010, B1-011, B1-012 within allocated pages; 2) use concrete Croatian scenarios and the listed observable checks; 3) draft worksheet/card/guide notes from the same source; 4) log claims, permissions and stop conditions. Chapters: Svaka stvar ima svoje mjesto; Prljavo, čisto ili za popravak?; Postavljam stol i pospremam za sobom; Prolilo se! Što sada?; Mjerim, slažem i izrađujem; Kada ne diram, nego zovem odraslu osobu",Book author,PIL-10;CUR-03;DSN-09,2027-02-15,2027-02-19,21,21,18-30,P1,Six topic manuscript packets for B1-M02,"All six topics have source notes, safety tier, accessible alternative and asset IDs; no unverified placeholders in safety steps",,NOT STARTED - proposed plan,,
B1-FACT,07.1 Book 1 production,Evidence refresh,B1,"Refresh volatile legal, safety, financial and digital references",1) Assign each high-risk topic to its expert; 2) retrieve current exact operational sources; 3) label teaching prices and dates; 4) record revision triggers,Managing editor,PIL-10;CUR-01,2027-02-15,2027-03-05,21,23,12-20,P0,Dated topic claim and source ledger,"Curriculum references never substitute for clinical, automotive or legal validation",,NOT STARTED - proposed plan,S07;S27;S28;S29;S30,https://narodne-novine.nn.hr/clanci/sluzbeni/2019_01_10_212.html | https://azop.hr/primjena-opce-uredbe-o-zastiti-podataka-u-skolskim-ustanovama/ | https://www.hck.hr/kako-pomoci/mali-programi/prva-pomoc-10551/10551 | https://www.hah.hr/potrosacki-kutak/5-kljuceva-sigurnosti-hrane/ | https://www.fordservicecontent.com/Ford_Content/vdirsnet/OwnerManual/Home/Content?ProcUid=G2099248&Uid=G2099247&countryCode=USA&languageCode=en&vFilteringEnabled=False&variantid=7983
B1-Q,07.1 Book 1 production,Budget / procurement,B1,Refresh quotes and channel economics for this book,"1) Requote page count, binding and quantity scenarios; 2) update editing/art/review costs; 3) include deposit, damaged stock, returns and fulfilment; 4) approve a conservative funded print option",Commercial lead,PIL-10;DSN-06;STR-08,2027-02-15,2027-02-26,21,22,6-10,P0,Current landed-cost and cash model,"Base case does not count grants, future school adoption or unpaid orders; printer lead time may override target dates",,NOT STARTED - proposed plan,,
B1-SCOPE,07.1 Book 1 production,Commission,B1,"Confirm book-specific scope, capacity and cost ceiling","1) Confirm Mali koraci, velike vještine and the 60 topics; 2) commission roles under existing contracts; 3) verify 192-page budget; 4) stop if previous-book evidence or cash does not support expansion",Series producer,PIL-10;STR-09;LEG-03,2027-02-15,2027-02-19,21,21,4-6,P0,Book-specific commission note,Scope and maximum cash exposure approved; later-book schedule may be deferred,G-B1 Scope,NOT STARTED - proposed plan,,
EDU-01,08 School editions,Optional sampler,Series,Decide whether the 2027/2028 sampler route is viable,1) Review written AZOO classification and legal entity; 2) confirm a self-contained 12-lesson scope; 3) choose commercial/free route lawfully; 4) cancel this branch if readiness is insufficient,School-edition lead,PIL-10;LEG-05;LEG-02;CUR-10,2027-02-15,2027-02-19,21,21,3-5,P2,Sampler go/no-go decision,No school-use claim or rushed filing; core trade launch not dependent on this branch,G-ED0 Optional route,NOT STARTED - proposed plan,S16;S17;S18;S19,https://narodne-novine.nn.hr/clanci/sluzbeni/2018_12_116_2288.html | https://www.azoo.hr/drugi-obrazovni-materijali-arhiva/postupak-za-objavu-drugog-obrazovnog-materijala-u-virtualni-repozitorij/ | https://www.azoo.hr/app/uploads/2020/11/Postupak-za-objavu-DOM-a.pdf | https://www.azoo.hr/app/uploads/2020/10/Izmjena-postupka.pdf
B1-ART,07.1 Book 1 production,Illustration,B1,"Commission, draw and verify the book illustrations",1) Use approved shared style and six-topic module briefs; 2) deliver roughs before finals; 3) route every technical diagram to its specialist; 4) archive editable artwork and rights,Art director,B1-D01;B1-D02;DSN-07,2027-02-22,2027-04-16,22,29,80-140,P1,Complete illustration set and provenance ledger,Age-appropriate visual maturity; no unverified safety-critical images; all rights documented,,NOT STARTED - proposed plan,,
B1-D03,07.1 Book 1 production,Authoring,B1,Draft module 03: Prvi koraci u kuhinji,"1) Draft B1-013, B1-014, B1-015, B1-016, B1-017, B1-018 within allocated pages; 2) use concrete Croatian scenarios and the listed observable checks; 3) draft worksheet/card/guide notes from the same source; 4) log claims, permissions and stop conditions. Chapters: Čiste ruke prije kuhanja; Perem voće i povrće; Režem mekano, uz odraslu osobu; Moj prvi doručak bez štednjaka; Recept je skup jasnih koraka; Hrana nije igra pogađanja",Book author,PIL-10;CUR-03;DSN-09,2027-02-22,2027-02-26,22,22,18-30,P1,Six topic manuscript packets for B1-M03,"All six topics have source notes, safety tier, accessible alternative and asset IDs; no unverified placeholders in safety steps",,NOT STARTED - proposed plan,,
B1-D04,07.1 Book 1 production,Authoring,B1,Draft module 04: Moj prvi novac,"1) Draft B1-019, B1-020, B1-021, B1-022, B1-023, B1-024 within allocated pages; 2) use concrete Croatian scenarios and the listed observable checks; 3) draft worksheet/card/guide notes from the same source; 4) log claims, permissions and stop conditions. Chapters: Trebam ili želim?; Upoznajem eure i cente; Koliko trebam platiti i dobiti natrag?; Štedim za svoj cilj; Koji izbor mi više odgovara?; Reklama ne odlučuje umjesto mene",Book author,PIL-10;CUR-03;DSN-09,2027-02-22,2027-02-26,22,22,18-30,P1,Six topic manuscript packets for B1-M04,"All six topics have source notes, safety tier, accessible alternative and asset IDs; no unverified placeholders in safety steps",,NOT STARTED - proposed plan,,
B1-R01,07.1 Book 1 production,Editorial and specialist review,B1,Review module 01: Ja i moj dan,"1) Age-band teacher checks all six outcomes and activities; 2) named topic specialists verify exact facts and diagrams; 3) author closes corrections; 4) record any remaining noncritical issue for final copy edit. Topics: B1-001, B1-002, B1-003, B1-004, B1-005, B1-006",Module editor and required specialists,B1-D01;STR-05,2027-02-22,2027-03-05,22,23,10-18,P0,Signed review sheets for B1-M01,"Zero unresolved critical safety, privacy or factual defects; each procedural source dated",G-B1-M01 Safe module,NOT STARTED - proposed plan,,
B1-R02,07.1 Book 1 production,Editorial and specialist review,B1,Review module 02: Moj dom i moje stvari,"1) Age-band teacher checks all six outcomes and activities; 2) named topic specialists verify exact facts and diagrams; 3) author closes corrections; 4) record any remaining noncritical issue for final copy edit. Topics: B1-007, B1-008, B1-009, B1-010, B1-011, B1-012",Module editor and required specialists,B1-D02;STR-05,2027-02-22,2027-03-05,22,23,10-18,P0,Signed review sheets for B1-M02,"Zero unresolved critical safety, privacy or factual defects; each procedural source dated",G-B1-M02 Safe module,NOT STARTED - proposed plan,,
EDU-02,08 School editions,Optional sampler,Series,Produce the independent 12-lesson sampler candidate,"1) Select B1-016/020/032/055, B2-017/019/034/044 and B3-002/013/047/050; 2) use low-risk paper versions; 3) include exact grade labels, evidence and source maps; 4) clear rights",Teacher-guide editor,EDU-01,2027-02-22,2027-02-26,22,22,18-28,P2,Self-contained teacher sampler candidate,Not a sales brochure; no dependency on unfinished books; no practical hazards,,NOT STARTED - proposed plan,,
WEB-05,06 Platform,Quiz,B1 initially,Build a tiny private self-check prototype,1) Reuse reviewed worksheet questions; 2) show answer explanations without server progress storage; 3) provide print equivalent; 4) test school-permission wording,Web lead,WEB-04;CUR-09,2027-03-01,2027-03-19,23,25,12-20,P1,Three-skill quiz prototype,"No live AI advice, public rankings, behavioural ads or child accounts",,NOT STARTED - proposed plan,S12;S13;S27,https://narodne-novine.nn.hr/eli/sluzbeni/2026/22/257 | https://www.carnet.hr/carnet-ov-projekt-brain-od-ove-skolske-godine-kurikuli-o-umjetnoj-inteligenciji-dostupni-od-5-razreda-osnovne-do-kraja-srednje-skole/ | https://azop.hr/primjena-opce-uredbe-o-zastiti-podataka-u-skolskim-ustanovama/
WEB-06,06 Platform,Operations,Series,Write digital maintenance and incident runbooks,1) Define monthly link checks and quarterly volatile-content reviews; 2) record correction severity; 3) prepare rollback and notification process,Web lead and managing editor,WEB-04,2027-03-01,2027-03-12,23,24,4-6,P1,Maintenance and correction runbook,A named owner and budget exist beyond launch; no unsupported promise of perpetual hosting,,NOT STARTED - proposed plan,,
B1-D05,07.1 Book 1 production,Authoring,B1,Draft module 05: Brinem se o sebi,"1) Draft B1-025, B1-026, B1-027, B1-028, B1-029, B1-030 within allocated pages; 2) use concrete Croatian scenarios and the listed observable checks; 3) draft worksheet/card/guide notes from the same source; 4) log claims, permissions and stop conditions. Chapters: Brinem se o čistoći tijela; Moji zubi svaki dan; San i odmor dio su dana; Kretanje i voda za moj dan; Prepoznajem kako se osjećam; Ne osjećam se dobro: kome kažem?",Book author,PIL-10;CUR-03;DSN-09,2027-03-01,2027-03-05,23,23,18-30,P1,Six topic manuscript packets for B1-M05,"All six topics have source notes, safety tier, accessible alternative and asset IDs; no unverified placeholders in safety steps",,NOT STARTED - proposed plan,,
B1-D06,07.1 Book 1 production,Authoring,B1,Draft module 06: Ja i drugi,"1) Draft B1-031, B1-032, B1-033, B1-034, B1-035, B1-036 within allocated pages; 2) use concrete Croatian scenarios and the listed observable checks; 3) draft worksheet/card/guide notes from the same source; 4) log claims, permissions and stop conditions. Chapters: Predstavljam se i slušam; Kako zamoliti za pomoć; Moje tijelo i moje granice; Pogriješio sam: kako popraviti?; Kad se ne slažemo; Nitko ne mora ostati po strani",Book author,PIL-10;CUR-03;DSN-09,2027-03-01,2027-03-05,23,23,18-30,P1,Six topic manuscript packets for B1-M06,"All six topics have source notes, safety tier, accessible alternative and asset IDs; no unverified placeholders in safety steps",,NOT STARTED - proposed plan,,
B1-R03,07.1 Book 1 production,Editorial and specialist review,B1,Review module 03: Prvi koraci u kuhinji,"1) Age-band teacher checks all six outcomes and activities; 2) named topic specialists verify exact facts and diagrams; 3) author closes corrections; 4) record any remaining noncritical issue for final copy edit. Topics: B1-013, B1-014, B1-015, B1-016, B1-017, B1-018",Module editor and required specialists,B1-D03;STR-05,2027-03-01,2027-03-12,23,24,10-18,P0,Signed review sheets for B1-M03,"Zero unresolved critical safety, privacy or factual defects; each procedural source dated",G-B1-M03 Safe module,NOT STARTED - proposed plan,,
B1-R04,07.1 Book 1 production,Editorial and specialist review,B1,Review module 04: Moj prvi novac,"1) Age-band teacher checks all six outcomes and activities; 2) named topic specialists verify exact facts and diagrams; 3) author closes corrections; 4) record any remaining noncritical issue for final copy edit. Topics: B1-019, B1-020, B1-021, B1-022, B1-023, B1-024",Module editor and required specialists,B1-D04;STR-05,2027-03-01,2027-03-12,23,24,10-18,P0,Signed review sheets for B1-M04,"Zero unresolved critical safety, privacy or factual defects; each procedural source dated",G-B1-M04 Safe module,NOT STARTED - proposed plan,,
EDU-03,08 School editions,Optional sampler,Series,Independently review and freeze sampler readiness,"1) Conduct curriculum, privacy and scientific/pedagogic review; 2) close all issues; 3) obtain signed legal and academic completeness checks",Independent review panel,EDU-02,2027-03-01,2027-03-05,23,23,10-16,P2,Ready/not-ready report,All required fields and materials complete; otherwise defer without affecting Book 1,G-ED1 Readiness by 10 March,NOT STARTED - proposed plan,S16;S17,https://narodne-novine.nn.hr/clanci/sluzbeni/2018_12_116_2288.html | https://www.azoo.hr/drugi-obrazovni-materijali-arhiva/postupak-za-objavu-drugog-obrazovnog-materijala-u-virtualni-repozitorij/
B1-D07,07.1 Book 1 production,Authoring,B1,Draft module 07: Znam potražiti pomoć,"1) Draft B1-037, B1-038, B1-039, B1-040, B1-041, B1-042 within allocated pages; 2) use concrete Croatian scenarios and the listed observable checks; 3) draft worksheet/card/guide notes from the same source; 4) log claims, permissions and stop conditions. Chapters: Znam kada i kako zvati 112; Izgubio sam se: stanem i tražim pomoć; Dim ili požar: prvo sigurnost; Mala ozljeda, prava pomoć; Sigurno prelazim cestu; Uz vodu nisam sam",Book author,PIL-10;CUR-03;DSN-09,2027-03-08,2027-03-12,24,24,18-30,P1,Six topic manuscript packets for B1-M07,"All six topics have source notes, safety tier, accessible alternative and asset IDs; no unverified placeholders in safety steps",,NOT STARTED - proposed plan,,
B1-D08,07.1 Book 1 production,Authoring,B1,Draft module 08: Pametno u digitalnom svijetu,"1) Draft B1-043, B1-044, B1-045, B1-046, B1-047, B1-048 within allocated pages; 2) use concrete Croatian scenarios and the listed observable checks; 3) draft worksheet/card/guide notes from the same source; 4) log claims, permissions and stop conditions. Chapters: Što ostaje privatno?; Lozinka nije za dijeljenje; Osvojio si nagradu! Je li stvarno?; Kad je netko neugodan na internetu; Ekran ima svoje vrijeme i mjesto; Računalo može pogriješiti",Book author,PIL-10;CUR-03;DSN-09,2027-03-08,2027-03-12,24,24,18-30,P1,Six topic manuscript packets for B1-M08,"All six topics have source notes, safety tier, accessible alternative and asset IDs; no unverified placeholders in safety steps",,NOT STARTED - proposed plan,,
B1-R05,07.1 Book 1 production,Editorial and specialist review,B1,Review module 05: Brinem se o sebi,"1) Age-band teacher checks all six outcomes and activities; 2) named topic specialists verify exact facts and diagrams; 3) author closes corrections; 4) record any remaining noncritical issue for final copy edit. Topics: B1-025, B1-026, B1-027, B1-028, B1-029, B1-030",Module editor and required specialists,B1-D05;STR-05;B1-FACT,2027-03-08,2027-03-19,24,25,10-18,P0,Signed review sheets for B1-M05,"Zero unresolved critical safety, privacy or factual defects; each procedural source dated",G-B1-M05 Safe module,NOT STARTED - proposed plan,,
B1-R06,07.1 Book 1 production,Editorial and specialist review,B1,Review module 06: Ja i drugi,"1) Age-band teacher checks all six outcomes and activities; 2) named topic specialists verify exact facts and diagrams; 3) author closes corrections; 4) record any remaining noncritical issue for final copy edit. Topics: B1-031, B1-032, B1-033, B1-034, B1-035, B1-036",Module editor and required specialists,B1-D06;STR-05;B1-FACT,2027-03-08,2027-03-19,24,25,10-18,P0,Signed review sheets for B1-M06,"Zero unresolved critical safety, privacy or factual defects; each procedural source dated",G-B1-M06 Safe module,NOT STARTED - proposed plan,,
EDU-04,08 School editions,Optional filing,Series,Prepare the sampler filing package,1) Use current application and declarations; 2) include print and electronic USB/link materials as required; 3) confirm fees and delivery instructions; 4) archive exact submitted versions,School-edition coordinator,EDU-03,2027-03-08,2027-03-19,24,25,6-10,P2,Submission-ready dossier,Written current checklist satisfied; filing does not imply approval,,NOT STARTED - proposed plan,S17;S18;S19,https://www.azoo.hr/drugi-obrazovni-materijali-arhiva/postupak-za-objavu-drugog-obrazovnog-materijala-u-virtualni-repozitorij/ | https://www.azoo.hr/app/uploads/2020/11/Postupak-za-objavu-DOM-a.pdf | https://www.azoo.hr/app/uploads/2020/10/Izmjena-postupka.pdf
B1-D09,07.1 Book 1 production,Authoring,B1,Draft module 09: Snalažim se oko sebe,"1) Draft B1-049, B1-050, B1-051, B1-052, B1-053, B1-054 within allocated pages; 2) use concrete Croatian scenarios and the listed observable checks; 3) draft worksheet/card/guide notes from the same source; 4) log claims, permissions and stop conditions. Chapters: Čitam jednostavnu kartu; Autobus, tramvaj i moja karta; Spremam se za izlet; Otpad odlažem odgovorno; Brinem se o biljci; Vrijeme se mijenja: mijenjam plan",Book author,PIL-10;CUR-03;DSN-09,2027-03-15,2027-03-19,25,25,18-30,P1,Six topic manuscript packets for B1-M09,"All six topics have source notes, safety tier, accessible alternative and asset IDs; no unverified placeholders in safety steps",,NOT STARTED - proposed plan,,
B1-D10,07.1 Book 1 production,Authoring,B1,Draft module 10: Učim i doprinosim,"1) Draft B1-055, B1-056, B1-057, B1-058, B1-059, B1-060 within allocated pages; 2) use concrete Croatian scenarios and the listed observable checks; 3) draft worksheet/card/guide notes from the same source; 4) log claims, permissions and stop conditions. Chapters: Kako znam je li nešto točno?; Učim tako da isprobam i objasnim; Provjeravam prije nego završim; U timu svatko ima ulogu; Moja prava i moja zajednica; Naš mali piknik: sve povezujem",Book author,PIL-10;CUR-03;DSN-09,2027-03-15,2027-03-19,25,25,18-30,P1,Six topic manuscript packets for B1-M10,"All six topics have source notes, safety tier, accessible alternative and asset IDs; no unverified placeholders in safety steps",,NOT STARTED - proposed plan,,
B1-R07,07.1 Book 1 production,Editorial and specialist review,B1,Review module 07: Znam potražiti pomoć,"1) Age-band teacher checks all six outcomes and activities; 2) named topic specialists verify exact facts and diagrams; 3) author closes corrections; 4) record any remaining noncritical issue for final copy edit. Topics: B1-037, B1-038, B1-039, B1-040, B1-041, B1-042",Module editor and required specialists,B1-D07;STR-05;B1-FACT,2027-03-15,2027-03-26,25,26,10-18,P0,Signed review sheets for B1-M07,"Zero unresolved critical safety, privacy or factual defects; each procedural source dated",G-B1-M07 Safe module,NOT STARTED - proposed plan,,
B1-R08,07.1 Book 1 production,Editorial and specialist review,B1,Review module 08: Pametno u digitalnom svijetu,"1) Age-band teacher checks all six outcomes and activities; 2) named topic specialists verify exact facts and diagrams; 3) author closes corrections; 4) record any remaining noncritical issue for final copy edit. Topics: B1-043, B1-044, B1-045, B1-046, B1-047, B1-048",Module editor and required specialists,B1-D08;STR-05;B1-FACT,2027-03-15,2027-03-26,25,26,10-18,P0,Signed review sheets for B1-M08,"Zero unresolved critical safety, privacy or factual defects; each procedural source dated",G-B1-M08 Safe module,NOT STARTED - proposed plan,,
OPS-02,10 Operations,Content maintenance,Series,"Maintain safety, legal and digital corrections across formats",1) Triage reports immediately; 2) consult specialist; 3) update canonical topic and dependent assets; 4) publish versioned errata; 5) consider stock hold or corrective communication for serious defects,Managing editor,WEB-06,2027-03-15,2029-06-29,25,144,2-6 per review plus incident work,P0,"Correction log, reviewed updates and reprint checklist","Quarterly volatile-content review; before every reprint; critical safety issue triggers stop, not next scheduled review",,NOT STARTED - proposed plan,,
B1-MISSION,07.1 Book 1 production,Integrated activities,B1,Write ten four-page module missions,1) Use 11_module_missions as the blueprint; 2) create new transfer situations rather than copying chapter exercises; 3) include paper resources and support; 4) obtain specialist review for all practical variants,Lead educator,B1-D01;B1-D02;B1-D03;B1-D04;B1-D05;B1-D06;B1-D07;B1-D08;B1-D09;B1-D10,2027-03-22,2027-04-02,26,27,20-32,P1,Ten module missions and answer/support notes,Forty-page budget; each mission inherits the highest relevant safety tier and has observable evidence,,NOT STARTED - proposed plan,,
B1-R09,07.1 Book 1 production,Editorial and specialist review,B1,Review module 09: Snalažim se oko sebe,"1) Age-band teacher checks all six outcomes and activities; 2) named topic specialists verify exact facts and diagrams; 3) author closes corrections; 4) record any remaining noncritical issue for final copy edit. Topics: B1-049, B1-050, B1-051, B1-052, B1-053, B1-054",Module editor and required specialists,B1-D09;STR-05;B1-FACT,2027-03-22,2027-04-02,26,27,10-18,P0,Signed review sheets for B1-M09,"Zero unresolved critical safety, privacy or factual defects; each procedural source dated",G-B1-M09 Safe module,NOT STARTED - proposed plan,,
B1-R10,07.1 Book 1 production,Editorial and specialist review,B1,Review module 10: Učim i doprinosim,"1) Age-band teacher checks all six outcomes and activities; 2) named topic specialists verify exact facts and diagrams; 3) author closes corrections; 4) record any remaining noncritical issue for final copy edit. Topics: B1-055, B1-056, B1-057, B1-058, B1-059, B1-060",Module editor and required specialists,B1-D10;STR-05;B1-FACT,2027-03-22,2027-04-02,26,27,10-18,P0,Signed review sheets for B1-M10,"Zero unresolved critical safety, privacy or factual defects; each procedural source dated",G-B1-M10 Safe module,NOT STARTED - proposed plan,,
EDU-05,08 School editions,Optional filing,Series,Submit only a complete sampler and retain receipt,1) Reconfirm current deadline; 2) deliver complete package; 3) retain receipt and correspondence; 4) track reviewer requests without promising outcome,School-edition coordinator,EDU-04,2027-03-22,2027-03-26,26,26,2-4,P2,Receipt and review tracker,Submit ahead of published 31 March window if confirmed; otherwise defer; no assumed review duration,G-ED2 Filing,NOT STARTED - proposed plan,S17;S18;S19,https://www.azoo.hr/drugi-obrazovni-materijali-arhiva/postupak-za-objavu-drugog-obrazovnog-materijala-u-virtualni-repozitorij/ | https://www.azoo.hr/app/uploads/2020/11/Postupak-za-objavu-DOM-a.pdf | https://www.azoo.hr/app/uploads/2020/10/Izmjena-postupka.pdf
B1-COPY,07.1 Book 1 production,Editing,B1,Complete developmental and Croatian language editing,"1) Harmonise terms, reading load and cross-references; 2) verify every worked example; 3) check all 60 topic IDs; 4) send changed technical text back to reviewer",Croatian editor,B1-R01;B1-R02;B1-R03;B1-R04;B1-R05;B1-R06;B1-R07;B1-R08;B1-R09;B1-R10;B1-MISSION,2027-04-05,2027-04-16,28,29,28-44,P1,Copyedited complete manuscript,"Consistent standard Croatian, diacritics, units, money and page allocation; no unresolved comments in final text",,NOT STARTED - proposed plan,,
B1-RETEST,07.1 Book 1 production,Reader validation,B1,Retest the complete content with the target band,1) Sample new and revised chapters across all modules; 2) use paper and adult-approved practical variants only; 3) include supported readers; 4) collect anonymous comprehension and usability observations,Pilot educator,B1-R01;B1-R02;B1-R03;B1-R04;B1-R05;B1-R06;B1-R07;B1-R08;B1-R09;B1-R10;B1-MISSION;LEG-06;LEG-04,2027-04-05,2027-04-16,28,29,16-26,P1,Book-specific usability retest,"Zero safety events or unresolved confusion about stop conditions; summer sessions are voluntary family/community sessions, not assumed school access",,NOT STARTED - proposed plan,S16;S27,https://narodne-novine.nn.hr/clanci/sluzbeni/2018_12_116_2288.html | https://azop.hr/primjena-opce-uredbe-o-zastiti-podataka-u-skolskim-ustanovama/
B1-FREEZE,07.1 Book 1 production,Content gate,B1,Freeze the reviewed manuscript and all safety wording,1) Integrate retest changes; 2) close editorial and illustration defects; 3) obtain final specialist sign-offs; 4) lock a versioned manuscript and claim ledger,Managing editor,B1-COPY;B1-RETEST;B1-ART;B1-FACT,2027-04-19,2027-04-23,30,30,8-14,P0,Signed content freeze,All critical risks closed; any future substantive change reopens the affected review,G-B1 Content freeze,NOT STARTED - proposed plan,,
B1-CARD,07.1 Book 1 production,Cards and passport,B1,Produce printable 72-card deck and skills passport,"1) Make 60 skill, 10 mission and 2 instruction cards; 2) put answers/support on reverse; 3) retain safety tiers; 4) add private progress passport; 5) defer physical inventory",Companion designer,B1-FREEZE;DSN-05,2027-04-26,2027-05-14,31,33,20-32,P1,Printable deck and 12-page passport,Exactly 72 cards; no hazardous challenge or public ranking; every ID resolves,,NOT STARTED - proposed plan,,
B1-LAYOUT,07.1 Book 1 production,Typesetting,B1,Typeset the complete book and check the set,1) Flow final text and art into shared templates; 2) inspect every spread and cross-reference; 3) compare cover/spine with other age bands; 4) resolve page overflow without shrinking safety text,Book designer,B1-FREEZE,2027-04-26,2027-05-07,31,32,36-56,P1,Complete laid-out book PDF and editable sources,Exactly 192 planned pages or a formally approved revised signature; accessible reading sizes retained,,NOT STARTED - proposed plan,,
B1-META,07.1 Book 1 production,Sales preparation,B1,"Prepare accurate listings, samples and channel offers",1) Write parent-facing description and age/safety scope; 2) prepare metadata and sample spreads; 3) negotiate direct/bookstore/library terms; 4) remove unsupported claims,Commercial editor,B1-FREEZE;LEG-09;B1-Q,2027-04-26,2027-05-14,31,33,10-16,P1,"Approved metadata, sales page and channel term sheet","No ministry endorsement, guaranteed outcomes or inflated school-use claims",,NOT STARTED - proposed plan,,
B1-PG,07.1 Book 1 production,Parent guide,B1,Produce the parent/caregiver guide,1) Group prompts for all 60 topics into a 24-page guide; 2) explain support and stopping rules; 3) add low-cost/adapted options; 4) check all links and IDs,Family-guide editor,B1-FREEZE;DSN-05,2027-04-26,2027-05-14,31,33,12-20,P1,Accessible parent guide draft and reviewed final,Coverage index reaches every topic; no assumption about family structure or finances,,NOT STARTED - proposed plan,,
B1-TG-DRAFT,07.1 Book 1 production,Teacher guide,B1,Draft the teacher-guide content without approval claims,"1) Create 60 brief lesson plans; 2) add 12-lesson and 35-session proposed paths; 3) map exact grades and candidate codes; 4) include preparation, evidence, differentiation and stop rules",Teacher-guide editor,B1-FREEZE;CUR-10;CUR-08,2027-04-26,2027-05-28,31,35,30-48,P1,Approx. 96-page teacher-guide draft,Clearly marked candidate/evaluation version; formal classroom distribution waits for applicable legal route,,NOT STARTED - proposed plan,S01;S02;S03;S04;S05;S06;S07;S16;S17,https://narodne-novine.nn.hr/clanci/sluzbeni/2019_01_7_157.html | https://narodne-novine.nn.hr/clanci/sluzbeni/2019_01_7_153.html | https://narodne-novine.nn.hr/clanci/sluzbeni/2019_01_7_154.html | https://narodne-novine.nn.hr/clanci/sluzbeni/2019_01_7_150.html | https://narodne-novine.nn.hr/clanci/sluzbeni/2019_01_7_152.html | https://narodne-novine.nn.hr/clanci/sluzbeni/2019_01_10_217.html | https://narodne-novine.nn.hr/clanci/sluzbeni/2019_01_10_212.html | https://narodne-novine.nn.hr/clanci/sluzbeni/2018_12_116_2288.html | https://www.azoo.hr/drugi-obrazovni-materijali-arhiva/postupak-za-objavu-drugog-obrazovnog-materijala-u-virtualni-repozitorij/
B1-WS,07.1 Book 1 production,Worksheets,B1,Produce 60 low-ink worksheets and separate answer notes,1) Reuse approved topic activity; 2) supply worked/support examples and fictional data; 3) test printing and oral alternatives; 4) attach copying-licence wording,Worksheet editor,B1-FREEZE;DSN-05,2027-04-26,2027-05-14,31,33,22-36,P1,60 worksheets and answer/support pack,All essential activities available without child phone or purchases; rights and school-use conditions clear,,NOT STARTED - proposed plan,S12;S16,https://narodne-novine.nn.hr/eli/sluzbeni/2026/22/257 | https://narodne-novine.nn.hr/clanci/sluzbeni/2018_12_116_2288.html
B1-PREPRESS,07.1 Book 1 production,Prepress,B1,Proofread final layout and run production checks,"1) Read every page at actual size; 2) check numbers, safety diagrams, QR codes and IDs; 3) inspect bleed/gutter/colour; 4) verify permissions and imprint requirements",Independent proofreader and production manager,B1-LAYOUT,2027-05-10,2027-05-14,33,33,16-26,P0,Prepress defect log with closures,"No missing glyphs, clipping, broken QR paths or incorrect safety labels",,NOT STARTED - proposed plan,,
B1-ID,07.1 Book 1 production,Publishing administration,B1,"Finalise edition identifiers, CIP and imprint",1) Confirm separate format/edition ISBNs; 2) apply for eligible book CIP after final correction; 3) insert current NSK-prescribed number/access wording; 4) confirm exclusions for worksheets/cards,Production manager,B1-PREPRESS;LEG-07,2027-05-17,2027-05-21,34,34,3-6,P1,Identifier register and final imprint,Do not paste an obsolete full CIP record; no unnecessary CIP claim for excluded material,,NOT STARTED - proposed plan,S24;S25,https://nsk.hr/nakladnici/hrvatski-ured-za-isbn/ | https://nsk.hr/nakladnici/cip/
B1-PREORDER,07.1 Book 1 production,Demand validation,B1,Validate paid demand only through a compliant transparent offer,1) Set quoted price and realistic delivery range; 2) show genuine samples and terms; 3) collect adult preorders only if refund capacity exists; 4) compare net committed orders with print exposure,Commercial lead,B1-META;WEB-04;WEB-03,2027-05-17,2027-05-28,34,35,6-12,P1,Dated preorder/demand and refund-liability report,"No invented scarcity or promised school subsidy; order volume is evidence, not proof of future sales",,NOT STARTED - proposed plan,,
B1-WEB,07.1 Book 1 production,Companion publication,B1,Publish checked extras and test every print-to-web path,1) Upload reviewed parent/worksheet/card/passport assets; 2) verify content versions and rights; 3) test mobile/keyboard/print access; 4) run privacy and link checks,Web lead,B1-PG;B1-WS;B1-CARD;WEB-04,2027-05-17,2027-05-28,34,35,10-16,P1,Live or launch-ready book companion library,Every printed code resolves to the matching edition; no account requirement or incomplete essential task,,NOT STARTED - proposed plan,,
B1-PROOF,07.1 Book 1 production,Manufacturing gate,B1,Approve a physical contract proof and binding sample,"1) Inspect proof against final files; 2) check colour, readability, spine, paper and binding; 3) scan actual QR codes; 4) sign or reject proof",Production manager and safety editor,B1-ID;B1-Q,2027-05-24,2027-05-28,35,35,5-8,P0,Signed physical print proof,Correct edition/ISBN/imprint and safe readable diagrams; no approval based solely on screen view,G-B1 Print proof,NOT STARTED - proposed plan,,
B1-DEPOSIT,07.1 Book 1 production,Publishing administration,B1,Complete legal deposit and archive production evidence,"1) Obtain actual print-completion date from printer; 2) confirm funding/format deposit count; 3) have required NSK/county copies dispatched promptly, operational target within 7 days of printing and never beyond the statutory 30 days; 4) retain receipts; do not wait for retail launch",Production manager,B1-PROOF,2027-05-31,2027-06-18,36,38,2-4,P1,Deposit receipts and archival package,Trigger-based hard deadline overrides the provisional scheduling window: required copies delivered within applicable 30-day period after actual printing; verify current digital/public-funding rules,Actual printing triggers deposit; independent of launch date,NOT STARTED - proposed plan,S26,https://nsk.hr/nakladnici/obvezni-primjerak/
B1-PRINT,07.1 Book 1 production,Manufacturing,B1,Release a funded print order and inspect delivered stock,"1) Choose print quantity using contribution, cash and real demand; 2) check committed capacity/lead time; 3) approve order after proof; 4) inspect cartons and damage; 5) reserve deposit/review copies",Production manager,B1-PROOF;B1-PREORDER;B1-Q,2027-05-31,2027-06-11,36,37,6-10,P0,"Accepted stock, inventory and landed-cost record",Available cash covers production and liabilities with an owner-approved buffer; target date moves if printer lead time requires,G-B1 Cash and stock,NOT STARTED - proposed plan,,
B1-LAUNCH,07.1 Book 1 production,Release,B1,Launch the trade edition with essential companions,"1) Confirm saleable stock and tested fulfilment; 2) release approved adult-facing pages; 3) activate reviewed extras; 4) monitor questions, returns and safety reports",Series producer,B1-PRINT;B1-WEB;B1-META;WEB-06,2027-06-14,2027-06-15,38,38,10-16,P0,Trade book release and launch checklist,"Book, parent guide, worksheets, printable cards and passport coherent; no premature educational-edition claim",G-B1 Trade release,NOT STARTED - proposed plan,,
B1-POST,07.1 Book 1 production,Review gate,B1,"Review real sales, returns, usage and defects before expansion",1) Compare paid sales and channel margin with model; 2) record returns/complaints and support costs; 3) examine companion use without child profiling; 4) decide revise/reprint/expand/pause,Series producer,B1-LAUNCH;B1-DEPOSIT,2027-07-12,2027-08-06,42,45,8-14,P0,Post-launch decision and corrected backlog,No reprint or next-book commitment justified solely by gross revenue; critical corrections handled immediately,G-B1 Expansion decision,NOT STARTED - proposed plan,,
GROW-01,09 Extensions,Physical cards,B1 initially,Test paid demand before manufacturing the card deck,1) Review printable use and adult demand; 2) quote stock/box/MOQ/shipping; 3) compare margins and workload; 4) manufacture only after funded threshold chosen by owner,Commercial lead,B1-POST;B1-CARD,2027-08-09,2027-08-27,46,48,8-12,P2,Physical-deck go/no-go and quote,No inventory order based merely on the existence of 72 printable cards,,NOT STARTED - proposed plan,,
GROW-02,09 Extensions,Workshops,Series,Define a compliant facilitated workshop offer,"1) Choose low-risk formats and qualified facilitators; 2) clear permissions, insurance and school conflict rules; 3) create trainer manual; 4) pilot only authorised activities",Workshop lead,B1-POST;LEG-04;LEG-06,2027-08-09,2027-09-10,46,50,16-26,P2,Trainer manual and workshop route,No first-aid/mechanic certification claims; no unsafe props or informal school inducements,,NOT STARTED - proposed plan,S16;S27;S28,https://narodne-novine.nn.hr/clanci/sluzbeni/2018_12_116_2288.html | https://azop.hr/primjena-opce-uredbe-o-zastiti-podataka-u-skolskim-ustanovama/ | https://www.hck.hr/kako-pomoci/mali-programi/prva-pomoc-10551/10551
GROW-03,09 Extensions,Audio / accessibility,B1 then other books,Pilot accessible audio and alternative-format production,1) Select six stable chapters; 2) quote human-reviewed narration/captions/large-print sample; 3) test with intended users; 4) scale only useful formats,Accessibility lead,B1-POST;B1-FREEZE,2027-08-09,2027-09-17,46,51,16-28,P2,Accessible-format sample and demand evidence,Safety words spoken; full transcript; rights cleared; no untested dyslexia-friendly claim,,NOT STARTED - proposed plan,S23,https://mzom.gov.hr/print.aspx?id=7324&url=print
OPS-04,10 Operations,Business review,Series,"Review cash, inventory and support burden quarterly","1) Reconcile paid receipts and liabilities; 2) inspect channel contribution, returns and stock; 3) compare companion costs with use; 4) choose next investment or pause",Series producer,B1-POST,2027-08-09,2029-06-29,46,144,3-5 per quarter,P1,Quarterly operating decision,No expansion simply because a roadmap item exists; reprints and editions require evidence,,NOT STARTED - proposed plan,,
B2-D01,07.2 Book 2 production,Authoring,B2,Draft module 01: Upravljam svojim danom,"1) Draft B2-001, B2-002, B2-003, B2-004, B2-005, B2-006 within allocated pages; 2) use concrete Croatian scenarios and the listed observable checks; 3) draft worksheet/card/guide notes from the same source; 4) log claims, permissions and stop conditions. Chapters: Tjedan koji mogu organizirati; Učim za razumijevanje, ne samo za test; Od velikog cilja do prvog koraka; Moje stvari i obveze pod kontrolom; Kad sve ne stane u isti dan; Kako donosim bolju odluku?",Book author,B1-POST;CUR-03;DSN-09,2027-08-16,2027-08-27,47,48,24-40,P1,Six topic manuscript packets for B2-M01,"All six topics have source notes, safety tier, accessible alternative and asset IDs; no unverified placeholders in safety steps",,NOT STARTED - proposed plan,,
B2-D02,07.2 Book 2 production,Authoring,B2,Draft module 02: Samostalnije kod kuće,"1) Draft B2-007, B2-008, B2-009, B2-010, B2-011, B2-012 within allocated pages; 2) use concrete Croatian scenarios and the listed observable checks; 3) draft worksheet/card/guide notes from the same source; 4) log claims, permissions and stop conditions. Chapters: Perem i sušim odjeću; Prišijem gumb i produžim vijek stvari; Čistim sigurno: etiketa prije sredstva; Mali popravak ručnim alatom; Voda, struja i kvar: kada stati?; Dogovor o kućnim poslovima",Book author,B1-POST;CUR-03;DSN-09,2027-08-16,2027-08-27,47,48,24-40,P1,Six topic manuscript packets for B2-M02,"All six topics have source notes, safety tier, accessible alternative and asset IDs; no unverified placeholders in safety steps",,NOT STARTED - proposed plan,,
B2-FACT,07.2 Book 2 production,Evidence refresh,B2,"Refresh volatile legal, safety, financial and digital references",1) Assign each high-risk topic to its expert; 2) retrieve current exact operational sources; 3) label teaching prices and dates; 4) record revision triggers,Managing editor,B1-POST;CUR-01,2027-08-16,2027-09-03,47,49,12-20,P0,Dated topic claim and source ledger,"Curriculum references never substitute for clinical, automotive or legal validation",,NOT STARTED - proposed plan,S07;S27;S28;S29;S30,https://narodne-novine.nn.hr/clanci/sluzbeni/2019_01_10_212.html | https://azop.hr/primjena-opce-uredbe-o-zastiti-podataka-u-skolskim-ustanovama/ | https://www.hck.hr/kako-pomoci/mali-programi/prva-pomoc-10551/10551 | https://www.hah.hr/potrosacki-kutak/5-kljuceva-sigurnosti-hrane/ | https://www.fordservicecontent.com/Ford_Content/vdirsnet/OwnerManual/Home/Content?ProcUid=G2099248&Uid=G2099247&countryCode=USA&languageCode=en&vFilteringEnabled=False&variantid=7983
B2-Q,07.2 Book 2 production,Budget / procurement,B2,Refresh quotes and channel economics for this book,"1) Requote page count, binding and quantity scenarios; 2) update editing/art/review costs; 3) include deposit, damaged stock, returns and fulfilment; 4) approve a conservative funded print option",Commercial lead,B1-POST;DSN-06;STR-08,2027-08-16,2027-08-27,47,48,6-10,P0,Current landed-cost and cash model,"Base case does not count grants, future school adoption or unpaid orders; printer lead time may override target dates",,NOT STARTED - proposed plan,,
B2-SCOPE,07.2 Book 2 production,Commission,B2,"Confirm book-specific scope, capacity and cost ceiling",1) Confirm Mogu više! and the 60 topics; 2) commission roles under existing contracts; 3) verify 224-page budget; 4) stop if previous-book evidence or cash does not support expansion,Series producer,B1-POST;STR-09;LEG-03,2027-08-16,2027-08-20,47,47,4-6,P0,Book-specific commission note,Scope and maximum cash exposure approved; later-book schedule may be deferred,G-B2 Scope,NOT STARTED - proposed plan,,
B2-ART,07.2 Book 2 production,Illustration,B2,"Commission, draw and verify the book illustrations",1) Use approved shared style and six-topic module briefs; 2) deliver roughs before finals; 3) route every technical diagram to its specialist; 4) archive editable artwork and rights,Art director,B2-D01;B2-D02;DSN-07,2027-08-30,2027-11-19,49,60,90-160,P1,Complete illustration set and provenance ledger,Age-appropriate visual maturity; no unverified safety-critical images; all rights documented,,NOT STARTED - proposed plan,,
B2-D03,07.2 Book 2 production,Authoring,B2,Draft module 03: Mogu pripremiti obrok,"1) Draft B2-013, B2-014, B2-015, B2-016, B2-017, B2-018 within allocated pages; 2) use concrete Croatian scenarios and the listed observable checks; 3) draft worksheet/card/guide notes from the same source; 4) log claims, permissions and stop conditions. Chapters: Nož, vrućina i sigurno radno mjesto; Pripremam jednostavan proteinski obrok; Tjestenina ili riža bez panike; Juha ili varivo od povrća; Recept za dvoje postaje recept za četvero; Etiketa, alergeni i sigurno čuvanje",Book author,B1-POST;CUR-03;DSN-09,2027-08-30,2027-09-10,49,50,24-40,P1,Six topic manuscript packets for B2-M03,"All six topics have source notes, safety tier, accessible alternative and asset IDs; no unverified placeholders in safety steps",,NOT STARTED - proposed plan,,
B2-D04,07.2 Book 2 production,Authoring,B2,Draft module 04: Upravljam džeparcem,"1) Draft B2-019, B2-020, B2-021, B2-022, B2-023, B2-024 within allocated pages; 2) use concrete Croatian scenarios and the listed observable checks; 3) draft worksheet/card/guide notes from the same source; 4) log claims, permissions and stop conditions. Chapters: Plan za moj džeparac; Popust nije uvijek ušteda; Kartica nije neograničen novac; Pretplate, igrice i sitni troškovi; Kad novac ili podaci završe u krivim rukama; Mala ideja, stvarni troškovi",Book author,B1-POST;CUR-03;DSN-09,2027-08-30,2027-09-10,49,50,24-40,P1,Six topic manuscript packets for B2-M04,"All six topics have source notes, safety tier, accessible alternative and asset IDs; no unverified placeholders in safety steps",,NOT STARTED - proposed plan,,
B2-R01,07.2 Book 2 production,Editorial and specialist review,B2,Review module 01: Upravljam svojim danom,"1) Age-band teacher checks all six outcomes and activities; 2) named topic specialists verify exact facts and diagrams; 3) author closes corrections; 4) record any remaining noncritical issue for final copy edit. Topics: B2-001, B2-002, B2-003, B2-004, B2-005, B2-006",Module editor and required specialists,B2-D01;STR-05,2027-08-30,2027-09-10,49,50,14-24,P0,Signed review sheets for B2-M01,"Zero unresolved critical safety, privacy or factual defects; each procedural source dated",G-B2-M01 Safe module,NOT STARTED - proposed plan,,
B2-R02,07.2 Book 2 production,Editorial and specialist review,B2,Review module 02: Samostalnije kod kuće,"1) Age-band teacher checks all six outcomes and activities; 2) named topic specialists verify exact facts and diagrams; 3) author closes corrections; 4) record any remaining noncritical issue for final copy edit. Topics: B2-007, B2-008, B2-009, B2-010, B2-011, B2-012",Module editor and required specialists,B2-D02;STR-05,2027-08-30,2027-09-10,49,50,14-24,P0,Signed review sheets for B2-M02,"Zero unresolved critical safety, privacy or factual defects; each procedural source dated",G-B2-M02 Safe module,NOT STARTED - proposed plan,,
B2-D05,07.2 Book 2 production,Authoring,B2,Draft module 05: Zdravlje i odrastanje,"1) Draft B2-025, B2-026, B2-027, B2-028, B2-029, B2-030 within allocated pages; 2) use concrete Croatian scenarios and the listed observable checks; 3) draft worksheet/card/guide notes from the same source; 4) log claims, permissions and stop conditions. Chapters: Tijelo se mijenja; San, stres i oporavak; Krećem se na svoj način; Hrana, tijelo i poruke s ekrana; Zdravstveni savjet: kome vjerovati?; Pritisak društva: kako reći ne?",Book author,B1-POST;CUR-03;DSN-09,2027-09-13,2027-09-24,51,52,24-40,P1,Six topic manuscript packets for B2-M05,"All six topics have source notes, safety tier, accessible alternative and asset IDs; no unverified placeholders in safety steps",,NOT STARTED - proposed plan,,
B2-D06,07.2 Book 2 production,Authoring,B2,Draft module 06: Odnosi i komunikacija,"1) Draft B2-031, B2-032, B2-033, B2-034, B2-035, B2-036 within allocated pages; 2) use concrete Croatian scenarios and the listed observable checks; 3) draft worksheet/card/guide notes from the same source; 4) log claims, permissions and stop conditions. Chapters: Moje granice i tuđi pristanak; Ne slažemo se, ali možemo razgovarati; Pišem poruku i telefoniram pristojno; U timu: dogovor, povratna informacija, rok; Prijatelju je teško: kako pomoći?; Pripadanje bez isključivanja",Book author,B1-POST;CUR-03;DSN-09,2027-09-13,2027-09-24,51,52,24-40,P1,Six topic manuscript packets for B2-M06,"All six topics have source notes, safety tier, accessible alternative and asset IDs; no unverified placeholders in safety steps",,NOT STARTED - proposed plan,,
B2-R03,07.2 Book 2 production,Editorial and specialist review,B2,Review module 03: Mogu pripremiti obrok,"1) Age-band teacher checks all six outcomes and activities; 2) named topic specialists verify exact facts and diagrams; 3) author closes corrections; 4) record any remaining noncritical issue for final copy edit. Topics: B2-013, B2-014, B2-015, B2-016, B2-017, B2-018",Module editor and required specialists,B2-D03;STR-05;B2-FACT,2027-09-13,2027-09-24,51,52,14-24,P0,Signed review sheets for B2-M03,"Zero unresolved critical safety, privacy or factual defects; each procedural source dated",G-B2-M03 Safe module,NOT STARTED - proposed plan,,
B2-R04,07.2 Book 2 production,Editorial and specialist review,B2,Review module 04: Upravljam džeparcem,"1) Age-band teacher checks all six outcomes and activities; 2) named topic specialists verify exact facts and diagrams; 3) author closes corrections; 4) record any remaining noncritical issue for final copy edit. Topics: B2-019, B2-020, B2-021, B2-022, B2-023, B2-024",Module editor and required specialists,B2-D04;STR-05;B2-FACT,2027-09-13,2027-09-24,51,52,14-24,P0,Signed review sheets for B2-M04,"Zero unresolved critical safety, privacy or factual defects; each procedural source dated",G-B2-M04 Safe module,NOT STARTED - proposed plan,,
GROW-04,09 Extensions,Video,Series,"Produce a small demonstration pilot, not a full video library",1) Select high-value safe topics; 2) write reviewed scripts; 3) film consenting qualified adults; 4) add captions/transcripts and print alternatives; 5) review cost/use,Video producer,B1-POST;LEG-03;GROW-03,2027-09-20,2027-10-29,52,57,24-40,P2,Three to six reviewed demonstration videos if funded,No dangerous child demonstration or generic automotive/medical tutorial; exact procedure review,,NOT STARTED - proposed plan,S28;S29;S30,https://www.hck.hr/kako-pomoci/mali-programi/prva-pomoc-10551/10551 | https://www.hah.hr/potrosacki-kutak/5-kljuceva-sigurnosti-hrane/ | https://www.fordservicecontent.com/Ford_Content/vdirsnet/OwnerManual/Home/Content?ProcUid=G2099248&Uid=G2099247&countryCode=USA&languageCode=en&vFilteringEnabled=False&variantid=7983
B2-D07,07.2 Book 2 production,Authoring,B2,Draft module 07: Sigurnost u stvarnom svijetu,"1) Draft B2-037, B2-038, B2-039, B2-040, B2-041, B2-042 within allocated pages; 2) use concrete Croatian scenarios and the listed observable checks; 3) draft worksheet/card/guide notes from the same source; 4) log claims, permissions and stop conditions. Chapters: Hitno ili nije? Biram pravi poziv; Oživljavanje i AED: učim uz instruktora; Krvarenje, opeklina ili gušenje: tražim i pružam pomoć; Bicikl i romobil: pravila prije vožnje; Požar, plin i ugljikov monoksid; Voda i priroda: pomoć bez dodatne žrtve",Book author,B1-POST;CUR-03;DSN-09,2027-09-27,2027-10-08,53,54,24-40,P1,Six topic manuscript packets for B2-M07,"All six topics have source notes, safety tier, accessible alternative and asset IDs; no unverified placeholders in safety steps",,NOT STARTED - proposed plan,,
B2-D08,07.2 Book 2 production,Authoring,B2,Draft module 08: Digitalne odluke,"1) Draft B2-043, B2-044, B2-045, B2-046, B2-047, B2-048 within allocated pages; 2) use concrete Croatian scenarios and the listed observable checks; 3) draft worksheet/card/guide notes from the same source; 4) log claims, permissions and stop conditions. Chapters: Lozinke, potvrda prijave i oporavak računa; Poruka izgleda stvarno. Je li?; Slika nije cijela priča; AI kao pomoćnik, ne kao dokaz; Zašto mi ekran baš to nudi?; Digitalni trag i neugodan kontakt",Book author,B1-POST;CUR-03;DSN-09,2027-09-27,2027-10-08,53,54,24-40,P1,Six topic manuscript packets for B2-M08,"All six topics have source notes, safety tier, accessible alternative and asset IDs; no unverified placeholders in safety steps",,NOT STARTED - proposed plan,,
B2-R05,07.2 Book 2 production,Editorial and specialist review,B2,Review module 05: Zdravlje i odrastanje,"1) Age-band teacher checks all six outcomes and activities; 2) named topic specialists verify exact facts and diagrams; 3) author closes corrections; 4) record any remaining noncritical issue for final copy edit. Topics: B2-025, B2-026, B2-027, B2-028, B2-029, B2-030",Module editor and required specialists,B2-D05;STR-05;B2-FACT,2027-09-27,2027-10-08,53,54,14-24,P0,Signed review sheets for B2-M05,"Zero unresolved critical safety, privacy or factual defects; each procedural source dated",G-B2-M05 Safe module,NOT STARTED - proposed plan,,
B2-R06,07.2 Book 2 production,Editorial and specialist review,B2,Review module 06: Odnosi i komunikacija,"1) Age-band teacher checks all six outcomes and activities; 2) named topic specialists verify exact facts and diagrams; 3) author closes corrections; 4) record any remaining noncritical issue for final copy edit. Topics: B2-031, B2-032, B2-033, B2-034, B2-035, B2-036",Module editor and required specialists,B2-D06;STR-05;B2-FACT,2027-09-27,2027-10-08,53,54,14-24,P0,Signed review sheets for B2-M06,"Zero unresolved critical safety, privacy or factual defects; each procedural source dated",G-B2-M06 Safe module,NOT STARTED - proposed plan,,
B2-D09,07.2 Book 2 production,Authoring,B2,Draft module 09: Kretanje i održivost,"1) Draft B2-049, B2-050, B2-051, B2-052, B2-053, B2-054 within allocated pages; 2) use concrete Croatian scenarios and the listed observable checks; 3) draft worksheet/card/guide notes from the same source; 4) log claims, permissions and stop conditions. Chapters: Vozni red koji stvarno razumijem; Karta, orijentiri i plan bez signala; Pregled bicikla prije polaska; Izlet planiram prema vremenu i mogućnostima; Popravak, ponovna uporaba ili e-otpad?; Koliko trošimo vode i energije?",Book author,B1-POST;CUR-03;DSN-09,2027-10-11,2027-10-22,55,56,24-40,P1,Six topic manuscript packets for B2-M09,"All six topics have source notes, safety tier, accessible alternative and asset IDs; no unverified placeholders in safety steps",,NOT STARTED - proposed plan,,
B2-D10,07.2 Book 2 production,Authoring,B2,Draft module 10: Moj sljedeći korak,"1) Draft B2-055, B2-056, B2-057, B2-058, B2-059, B2-060 within allocated pages; 2) use concrete Croatian scenarios and the listed observable checks; 3) draft worksheet/card/guide notes from the same source; 4) log claims, permissions and stop conditions. Chapters: Koji je moj sljedeći obrazovni korak?; Što ljudi zapravo rade na poslu?; Pravo, odgovornost i javna usluga; Raspravljam koristeći dokaze; Projekt za našu zajednicu; Moj samostalniji dan: sve povezujem",Book author,B1-POST;CUR-03;DSN-09,2027-10-11,2027-10-22,55,56,24-40,P1,Six topic manuscript packets for B2-M10,"All six topics have source notes, safety tier, accessible alternative and asset IDs; no unverified placeholders in safety steps",,NOT STARTED - proposed plan,,
B2-R07,07.2 Book 2 production,Editorial and specialist review,B2,Review module 07: Sigurnost u stvarnom svijetu,"1) Age-band teacher checks all six outcomes and activities; 2) named topic specialists verify exact facts and diagrams; 3) author closes corrections; 4) record any remaining noncritical issue for final copy edit. Topics: B2-037, B2-038, B2-039, B2-040, B2-041, B2-042",Module editor and required specialists,B2-D07;STR-05;B2-FACT,2027-10-11,2027-10-22,55,56,14-24,P0,Signed review sheets for B2-M07,"Zero unresolved critical safety, privacy or factual defects; each procedural source dated",G-B2-M07 Safe module,NOT STARTED - proposed plan,,
B2-R08,07.2 Book 2 production,Editorial and specialist review,B2,Review module 08: Digitalne odluke,"1) Age-band teacher checks all six outcomes and activities; 2) named topic specialists verify exact facts and diagrams; 3) author closes corrections; 4) record any remaining noncritical issue for final copy edit. Topics: B2-043, B2-044, B2-045, B2-046, B2-047, B2-048",Module editor and required specialists,B2-D08;STR-05;B2-FACT,2027-10-11,2027-10-22,55,56,14-24,P0,Signed review sheets for B2-M08,"Zero unresolved critical safety, privacy or factual defects; each procedural source dated",G-B2-M08 Safe module,NOT STARTED - proposed plan,,
B2-MISSION,07.2 Book 2 production,Integrated activities,B2,Write ten four-page module missions,1) Use 11_module_missions as the blueprint; 2) create new transfer situations rather than copying chapter exercises; 3) include paper resources and support; 4) obtain specialist review for all practical variants,Lead educator,B2-D01;B2-D02;B2-D03;B2-D04;B2-D05;B2-D06;B2-D07;B2-D08;B2-D09;B2-D10,2027-10-25,2027-11-05,57,58,20-32,P1,Ten module missions and answer/support notes,Forty-page budget; each mission inherits the highest relevant safety tier and has observable evidence,,NOT STARTED - proposed plan,,
B2-R09,07.2 Book 2 production,Editorial and specialist review,B2,Review module 09: Kretanje i održivost,"1) Age-band teacher checks all six outcomes and activities; 2) named topic specialists verify exact facts and diagrams; 3) author closes corrections; 4) record any remaining noncritical issue for final copy edit. Topics: B2-049, B2-050, B2-051, B2-052, B2-053, B2-054",Module editor and required specialists,B2-D09;STR-05;B2-FACT,2027-10-25,2027-11-05,57,58,14-24,P0,Signed review sheets for B2-M09,"Zero unresolved critical safety, privacy or factual defects; each procedural source dated",G-B2-M09 Safe module,NOT STARTED - proposed plan,,
B2-R10,07.2 Book 2 production,Editorial and specialist review,B2,Review module 10: Moj sljedeći korak,"1) Age-band teacher checks all six outcomes and activities; 2) named topic specialists verify exact facts and diagrams; 3) author closes corrections; 4) record any remaining noncritical issue for final copy edit. Topics: B2-055, B2-056, B2-057, B2-058, B2-059, B2-060",Module editor and required specialists,B2-D10;STR-05;B2-FACT,2027-10-25,2027-11-05,57,58,14-24,P0,Signed review sheets for B2-M10,"Zero unresolved critical safety, privacy or factual defects; each procedural source dated",G-B2-M10 Safe module,NOT STARTED - proposed plan,,
B2-COPY,07.2 Book 2 production,Editing,B2,Complete developmental and Croatian language editing,"1) Harmonise terms, reading load and cross-references; 2) verify every worked example; 3) check all 60 topic IDs; 4) send changed technical text back to reviewer",Croatian editor,B2-R01;B2-R02;B2-R03;B2-R04;B2-R05;B2-R06;B2-R07;B2-R08;B2-R09;B2-R10;B2-MISSION,2027-11-08,2027-11-19,59,60,28-44,P1,Copyedited complete manuscript,"Consistent standard Croatian, diacritics, units, money and page allocation; no unresolved comments in final text",,NOT STARTED - proposed plan,,
B2-RETEST,07.2 Book 2 production,Reader validation,B2,Retest the complete content with the target band,1) Sample new and revised chapters across all modules; 2) use paper and adult-approved practical variants only; 3) include supported readers; 4) collect anonymous comprehension and usability observations,Pilot educator,B2-R01;B2-R02;B2-R03;B2-R04;B2-R05;B2-R06;B2-R07;B2-R08;B2-R09;B2-R10;B2-MISSION;LEG-06;LEG-04,2027-11-08,2027-11-19,59,60,16-26,P1,Book-specific usability retest,"Zero safety events or unresolved confusion about stop conditions; summer sessions are voluntary family/community sessions, not assumed school access",,NOT STARTED - proposed plan,S16;S27,https://narodne-novine.nn.hr/clanci/sluzbeni/2018_12_116_2288.html | https://azop.hr/primjena-opce-uredbe-o-zastiti-podataka-u-skolskim-ustanovama/
B2-FREEZE,07.2 Book 2 production,Content gate,B2,Freeze the reviewed manuscript and all safety wording,1) Integrate retest changes; 2) close editorial and illustration defects; 3) obtain final specialist sign-offs; 4) lock a versioned manuscript and claim ledger,Managing editor,B2-COPY;B2-RETEST;B2-ART;B2-FACT,2027-11-22,2027-11-26,61,61,8-14,P0,Signed content freeze,All critical risks closed; any future substantive change reopens the affected review,G-B2 Content freeze,NOT STARTED - proposed plan,,
B2-CARD,07.2 Book 2 production,Cards and passport,B2,Produce printable 72-card deck and skills passport,"1) Make 60 skill, 10 mission and 2 instruction cards; 2) put answers/support on reverse; 3) retain safety tiers; 4) add private progress passport; 5) defer physical inventory",Companion designer,B2-FREEZE;DSN-05,2027-11-29,2028-01-07,62,67,20-32,P1,Printable deck and 12-page passport,Exactly 72 cards; no hazardous challenge or public ranking; every ID resolves,,NOT STARTED - proposed plan,,
B2-LAYOUT,07.2 Book 2 production,Typesetting,B2,Typeset the complete book and check the set,1) Flow final text and art into shared templates; 2) inspect every spread and cross-reference; 3) compare cover/spine with other age bands; 4) resolve page overflow without shrinking safety text,Book designer,B2-FREEZE,2027-11-29,2027-12-17,62,64,36-56,P1,Complete laid-out book PDF and editable sources,Exactly 224 planned pages or a formally approved revised signature; accessible reading sizes retained,,NOT STARTED - proposed plan,,
B2-META,07.2 Book 2 production,Sales preparation,B2,"Prepare accurate listings, samples and channel offers",1) Write parent-facing description and age/safety scope; 2) prepare metadata and sample spreads; 3) negotiate direct/bookstore/library terms; 4) remove unsupported claims,Commercial editor,B2-FREEZE;LEG-09;B2-Q,2027-11-29,2028-01-07,62,67,10-16,P1,"Approved metadata, sales page and channel term sheet","No ministry endorsement, guaranteed outcomes or inflated school-use claims",,NOT STARTED - proposed plan,,
B2-PG,07.2 Book 2 production,Parent guide,B2,Produce the parent/caregiver guide,1) Group prompts for all 60 topics into a 24-page guide; 2) explain support and stopping rules; 3) add low-cost/adapted options; 4) check all links and IDs,Family-guide editor,B2-FREEZE;DSN-05,2027-11-29,2028-01-07,62,67,12-20,P1,Accessible parent guide draft and reviewed final,Coverage index reaches every topic; no assumption about family structure or finances,,NOT STARTED - proposed plan,,
B2-TG-DRAFT,07.2 Book 2 production,Teacher guide,B2,Draft the teacher-guide content without approval claims,"1) Create 60 brief lesson plans; 2) add 12-lesson and 35-session proposed paths; 3) map exact grades and candidate codes; 4) include preparation, evidence, differentiation and stop rules",Teacher-guide editor,B2-FREEZE;CUR-10;CUR-08,2027-11-29,2028-01-21,62,69,30-48,P1,Approx. 96-page teacher-guide draft,Clearly marked candidate/evaluation version; formal classroom distribution waits for applicable legal route,,NOT STARTED - proposed plan,S01;S02;S03;S04;S05;S06;S07;S16;S17,https://narodne-novine.nn.hr/clanci/sluzbeni/2019_01_7_157.html | https://narodne-novine.nn.hr/clanci/sluzbeni/2019_01_7_153.html | https://narodne-novine.nn.hr/clanci/sluzbeni/2019_01_7_154.html | https://narodne-novine.nn.hr/clanci/sluzbeni/2019_01_7_150.html | https://narodne-novine.nn.hr/clanci/sluzbeni/2019_01_7_152.html | https://narodne-novine.nn.hr/clanci/sluzbeni/2019_01_10_217.html | https://narodne-novine.nn.hr/clanci/sluzbeni/2019_01_10_212.html | https://narodne-novine.nn.hr/clanci/sluzbeni/2018_12_116_2288.html | https://www.azoo.hr/drugi-obrazovni-materijali-arhiva/postupak-za-objavu-drugog-obrazovnog-materijala-u-virtualni-repozitorij/
B2-WS,07.2 Book 2 production,Worksheets,B2,Produce 60 low-ink worksheets and separate answer notes,1) Reuse approved topic activity; 2) supply worked/support examples and fictional data; 3) test printing and oral alternatives; 4) attach copying-licence wording,Worksheet editor,B2-FREEZE;DSN-05,2027-11-29,2028-01-07,62,67,22-36,P1,60 worksheets and answer/support pack,All essential activities available without child phone or purchases; rights and school-use conditions clear,,NOT STARTED - proposed plan,S12;S16,https://narodne-novine.nn.hr/eli/sluzbeni/2026/22/257 | https://narodne-novine.nn.hr/clanci/sluzbeni/2018_12_116_2288.html
B2-PREPRESS,07.2 Book 2 production,Prepress,B2,Proofread final layout and run production checks,"1) Read every page at actual size; 2) check numbers, safety diagrams, QR codes and IDs; 3) inspect bleed/gutter/colour; 4) verify permissions and imprint requirements",Independent proofreader and production manager,B2-LAYOUT,2028-01-03,2028-01-07,67,67,16-26,P0,Prepress defect log with closures,"No missing glyphs, clipping, broken QR paths or incorrect safety labels",,NOT STARTED - proposed plan,,
B2-ID,07.2 Book 2 production,Publishing administration,B2,"Finalise edition identifiers, CIP and imprint",1) Confirm separate format/edition ISBNs; 2) apply for eligible book CIP after final correction; 3) insert current NSK-prescribed number/access wording; 4) confirm exclusions for worksheets/cards,Production manager,B2-PREPRESS;LEG-07,2028-01-10,2028-01-14,68,68,3-6,P1,Identifier register and final imprint,Do not paste an obsolete full CIP record; no unnecessary CIP claim for excluded material,,NOT STARTED - proposed plan,S24;S25,https://nsk.hr/nakladnici/hrvatski-ured-za-isbn/ | https://nsk.hr/nakladnici/cip/
B2-PREORDER,07.2 Book 2 production,Demand validation,B2,Validate paid demand only through a compliant transparent offer,1) Set quoted price and realistic delivery range; 2) show genuine samples and terms; 3) collect adult preorders only if refund capacity exists; 4) compare net committed orders with print exposure,Commercial lead,B2-META;WEB-04;WEB-03,2028-01-10,2028-01-21,68,69,6-12,P1,Dated preorder/demand and refund-liability report,"No invented scarcity or promised school subsidy; order volume is evidence, not proof of future sales",,NOT STARTED - proposed plan,,
B2-WEB,07.2 Book 2 production,Companion publication,B2,Publish checked extras and test every print-to-web path,1) Upload reviewed parent/worksheet/card/passport assets; 2) verify content versions and rights; 3) test mobile/keyboard/print access; 4) run privacy and link checks,Web lead,B2-PG;B2-WS;B2-CARD;WEB-04,2028-01-10,2028-01-21,68,69,10-16,P1,Live or launch-ready book companion library,Every printed code resolves to the matching edition; no account requirement or incomplete essential task,,NOT STARTED - proposed plan,,
ED1-01,08 School editions,Dossier scope,B1,"Reconfirm school-material category, applicant and current rules","1) Recheck law, AZOO response and forms; 2) define exact edition/grade/format scope; 3) verify copying licences and digital attachments; 4) confirm annual deadline and fees",School-edition lead,B1-POST;B1-TG-DRAFT;LEG-05,2028-01-10,2028-01-14,68,68,4-8,P0,Edition-specific classification and checklist,Commercial applicant and every offered format eligible; approval wording not prewritten as fact,,NOT STARTED - proposed plan,S15;S16;S17;S18;S19,https://narodne-novine.nn.hr/clanci/sluzbeni/2025_07_105_1477.html | https://narodne-novine.nn.hr/clanci/sluzbeni/2018_12_116_2288.html | https://www.azoo.hr/drugi-obrazovni-materijali-arhiva/postupak-za-objavu-drugog-obrazovnog-materijala-u-virtualni-repozitorij/ | https://www.azoo.hr/app/uploads/2020/11/Postupak-za-objavu-DOM-a.pdf | https://www.azoo.hr/app/uploads/2020/10/Izmjena-postupka.pdf
B2-PROOF,07.2 Book 2 production,Manufacturing gate,B2,Approve a physical contract proof and binding sample,"1) Inspect proof against final files; 2) check colour, readability, spine, paper and binding; 3) scan actual QR codes; 4) sign or reject proof",Production manager and safety editor,B2-ID;B2-Q,2028-01-17,2028-01-21,69,69,5-8,P0,Signed physical print proof,Correct edition/ISBN/imprint and safe readable diagrams; no approval based solely on screen view,G-B2 Print proof,NOT STARTED - proposed plan,,
ED1-02,08 School editions,Curriculum validation,B1,Complete exact-grade curriculum mapping and teacher-guide review,1) Check every lesson against applicable code and cycle; 2) distinguish full/partial contribution; 3) add observable evidence and adaptations; 4) validate BrAIn/PV/SIU only where applicable,Curriculum review panel,ED1-01,2028-01-17,2028-02-04,69,71,24-40,P0,Signed complete teacher matrix and guide,Every classroom claim traceable to current source and reviewed lesson; remaining gaps explicitly excluded,,NOT STARTED - proposed plan,S01;S02;S03;S04;S05;S06;S07;S09;S13;S14,https://narodne-novine.nn.hr/clanci/sluzbeni/2019_01_7_157.html | https://narodne-novine.nn.hr/clanci/sluzbeni/2019_01_7_153.html | https://narodne-novine.nn.hr/clanci/sluzbeni/2019_01_7_154.html | https://narodne-novine.nn.hr/clanci/sluzbeni/2019_01_7_150.html | https://narodne-novine.nn.hr/clanci/sluzbeni/2019_01_7_152.html | https://narodne-novine.nn.hr/clanci/sluzbeni/2019_01_10_217.html | https://narodne-novine.nn.hr/clanci/sluzbeni/2019_01_10_212.html | https://mzom.gov.hr/UserDocsImages//dokumenti/Obrazovanje/OsnovneSkole//Eksperimentalni-kurikulum-nastavnog-predmeta-Prakticne-vjestine-za-osnovne-skole.pdf | https://www.carnet.hr/carnet-ov-projekt-brain-od-ove-skolske-godine-kurikuli-o-umjetnoj-inteligenciji-dostupni-od-5-razreda-osnovne-do-kraja-srednje-skole/ | https://www.asoo.hr/obrazovanje/strukovno-obrazovanje/modularna-nastava/
B2-DEPOSIT,07.2 Book 2 production,Publishing administration,B2,Complete legal deposit and archive production evidence,"1) Obtain actual print-completion date from printer; 2) confirm funding/format deposit count; 3) have required NSK/county copies dispatched promptly, operational target within 7 days of printing and never beyond the statutory 30 days; 4) retain receipts; do not wait for retail launch",Production manager,B2-PROOF,2028-01-24,2028-02-18,70,73,2-4,P1,Deposit receipts and archival package,Trigger-based hard deadline overrides the provisional scheduling window: required copies delivered within applicable 30-day period after actual printing; verify current digital/public-funding rules,Actual printing triggers deposit; independent of launch date,NOT STARTED - proposed plan,S26,https://nsk.hr/nakladnici/obvezni-primjerak/
B2-PRINT,07.2 Book 2 production,Manufacturing,B2,Release a funded print order and inspect delivered stock,"1) Choose print quantity using contribution, cash and real demand; 2) check committed capacity/lead time; 3) approve order after proof; 4) inspect cartons and damage; 5) reserve deposit/review copies",Production manager,B2-PROOF;B2-PREORDER;B2-Q,2028-01-24,2028-02-11,70,72,6-10,P0,"Accepted stock, inventory and landed-cost record",Available cash covers production and liabilities with an owner-approved buffer; target date moves if printer lead time requires,G-B2 Cash and stock,NOT STARTED - proposed plan,,
ED1-03,08 School editions,School feasibility,B1,Validate teacher preparation and authorised classroom delivery,"1) Use only legally permitted evaluation route; 2) obtain school permissions; 3) test timing, resources and differentiation; 4) document feedback without pupil identifiers",Pilot educator,ED1-02;LEG-04;LEG-06,2028-02-07,2028-02-18,72,73,16-28,P1,Teacher feasibility report,No workaround around approval restrictions; desk-based evaluation if live use is not authorised,,NOT STARTED - proposed plan,S16;S27,https://narodne-novine.nn.hr/clanci/sluzbeni/2018_12_116_2288.html | https://azop.hr/primjena-opce-uredbe-o-zastiti-podataka-u-skolskim-ustanovama/
B2-LAUNCH,07.2 Book 2 production,Release,B2,Launch the trade edition with essential companions,"1) Confirm saleable stock and tested fulfilment; 2) release approved adult-facing pages; 3) activate reviewed extras; 4) monitor questions, returns and safety reports",Series producer,B2-PRINT;B2-WEB;B2-META;WEB-06,2028-02-14,2028-02-15,73,73,10-16,P0,Trade book release and launch checklist,"Book, parent guide, worksheets, printable cards and passport coherent; no premature educational-edition claim",G-B2 Trade release,NOT STARTED - proposed plan,,
ED1-04,08 School editions,Final dossier,B1,Freeze the educational edition and required declarations,"1) Integrate permissible changes; 2) repeat changed safety/legal reviews; 3) lock version, ISBN where appropriate and rights; 4) assemble all required attachments",Educational managing editor,ED1-03,2028-02-21,2028-03-17,74,77,16-24,P0,Complete application dossier,Independent completeness check; print/electronic versions match exactly,G-ED1 Submission readiness,NOT STARTED - proposed plan,S17;S18;S19;S24;S25,https://www.azoo.hr/drugi-obrazovni-materijali-arhiva/postupak-za-objavu-drugog-obrazovnog-materijala-u-virtualni-repozitorij/ | https://www.azoo.hr/app/uploads/2020/11/Postupak-za-objavu-DOM-a.pdf | https://www.azoo.hr/app/uploads/2020/10/Izmjena-postupka.pdf | https://nsk.hr/nakladnici/hrvatski-ured-za-isbn/ | https://nsk.hr/nakladnici/cip/
B2-POST,07.2 Book 2 production,Review gate,B2,"Review real sales, returns, usage and defects before expansion",1) Compare paid sales and channel margin with model; 2) record returns/complaints and support costs; 3) examine companion use without child profiling; 4) decide revise/reprint/expand/pause,Series producer,B2-LAUNCH;B2-DEPOSIT,2028-03-13,2028-03-24,77,78,8-14,P0,Post-launch decision and corrected backlog,No reprint or next-book commitment justified solely by gross revenue; critical corrections handled immediately,G-B2 Expansion decision,NOT STARTED - proposed plan,,
ED1-05,08 School editions,Filing,B1,File educational edition before the confirmed annual deadline,1) Reconfirm 31 March rule/current instructions; 2) submit complete dossier; 3) archive receipt; 4) open tracked response log,School-edition coordinator,ED1-04,2028-03-20,2028-03-24,78,78,3-5,P0,Application receipt,Planned B1 route 2028/2029; B2/B3 2029/2030; outcome and turnaround not guaranteed,G-ED1 Application filed,NOT STARTED - proposed plan,S17;S18;S19,https://www.azoo.hr/drugi-obrazovni-materijali-arhiva/postupak-za-objavu-drugog-obrazovnog-materijala-u-virtualni-repozitorij/ | https://www.azoo.hr/app/uploads/2020/11/Postupak-za-objavu-DOM-a.pdf | https://www.azoo.hr/app/uploads/2020/10/Izmjena-postupka.pdf
ED1-06,08 School editions,Conditional adoption,B1,Respond to reviewers and release school SKU only after written clearance,1) Log requests and revise under change control; 2) obtain written decision; 3) verify applicable repository listing; 4) update precise claims; 5) seek school selection through compliant channels,School-edition lead,ED1-05,2028-03-27,2028-06-16,79,90,Variable; budget 8-24 plus requested revisions,P0,Decision record or pending/declined status and action plan,"Date range is follow-up planning, not promised approval; listing, selection and funding are separate gates",,NOT STARTED - proposed plan,S16;S17;S20;S21,https://narodne-novine.nn.hr/clanci/sluzbeni/2018_12_116_2288.html | https://www.azoo.hr/drugi-obrazovni-materijali-arhiva/postupak-za-objavu-drugog-obrazovnog-materijala-u-virtualni-repozitorij/ | https://www.azoo.hr/drugi-obrazovni-materijali-arhiva/agencija-za-odgoj-i-obrazovanje-objavljuje-katalog-odobrenih-drugih-obrazovnih-materijala/ | https://narodne-novine.nn.hr/eli/sluzbeni/2026/81/969
GROW-05,09 Extensions,Digital expansion,Series,Evaluate an app only after repeat-use and payment evidence,"1) Review companion usage without child profiling; 2) interview adults/educators; 3) cost maintenance, privacy and moderation; 4) compare simple web scenarios with native app; 5) approve only a bounded discovery",Series producer,B2-POST;WEB-06,2028-03-27,2028-04-21,79,82,12-20,P2,App discovery go/no-go,No child-advertising or open-ended high-stakes advice chatbot; print business not dependent on app,,NOT STARTED - proposed plan,S12;S13;S27,https://narodne-novine.nn.hr/eli/sluzbeni/2026/22/257 | https://www.carnet.hr/carnet-ov-projekt-brain-od-ove-skolske-godine-kurikuli-o-umjetnoj-inteligenciji-dostupni-od-5-razreda-osnovne-do-kraja-srednje-skole/ | https://azop.hr/primjena-opce-uredbe-o-zastiti-podataka-u-skolskim-ustanovama/
GROW-06,09 Extensions,Regional licensing,Series,Investigate one separately localised market at a time,"1) Verify Croatian performance; 2) find qualified local editor/partner; 3) map different laws, currency, institutions and curriculum; 4) quote rights/localisation and test buyer interest",Rights manager,B2-POST;LEG-03,2028-03-27,2028-05-05,79,84,16-24,P2,One-market localisation feasibility note,No literal-translation launch or transfer of Croatian approval claims,,NOT STARTED - proposed plan,,
B3-D01,07.3 Book 3 production,Authoring,B3,Draft module 01: Novac za stvarni život,"1) Draft B3-001, B3-002, B3-003, B3-004, B3-005, B3-006 within allocated pages; 2) use concrete Croatian scenarios and the listed observable checks; 3) draft worksheet/card/guide notes from the same source; 4) log claims, permissions and stop conditions. Chapters: Bruto, neto i moja prva platna lista; Mjesečni budžet koji podnosi iznenađenje; Račun, plaćanje i zaštita identiteta; Kredit, EKS i cijena odgode; Pričuva, štednja i inflacija; Ulaganje i mirovina bez čarobnih obećanja",Book author,B2-POST;CUR-03;DSN-09,2028-04-03,2028-04-14,80,81,24-40,P1,Six topic manuscript packets for B3-M01,"All six topics have source notes, safety tier, accessible alternative and asset IDs; no unverified placeholders in safety steps",,NOT STARTED - proposed plan,,
B3-D02,07.3 Book 3 production,Authoring,B3,"Draft module 02: Učenje, posao i zarada","1) Draft B3-007, B3-008, B3-009, B3-010, B3-011, B3-012 within allocated pages; 2) use concrete Croatian scenarios and the listed observable checks; 3) draft worksheet/card/guide notes from the same source; 4) log claims, permissions and stop conditions. Chapters: Životopis koji govori konkretno; Razgovor za posao i pitanja poslodavcu; Prije potpisa: ugovor i radna prava; Račun, porez i evidencija zarade; Od ideje do male poslovne probe; Studij, struka ili druga ruta?",Book author,B2-POST;CUR-03;DSN-09,2028-04-03,2028-04-14,80,81,24-40,P1,Six topic manuscript packets for B3-M02,"All six topics have source notes, safety tier, accessible alternative and asset IDs; no unverified placeholders in safety steps",,NOT STARTED - proposed plan,,
B3-FACT,07.3 Book 3 production,Evidence refresh,B3,"Refresh volatile legal, safety, financial and digital references",1) Assign each high-risk topic to its expert; 2) retrieve current exact operational sources; 3) label teaching prices and dates; 4) record revision triggers,Managing editor,B2-POST;CUR-01,2028-04-03,2028-04-21,80,82,12-20,P0,Dated topic claim and source ledger,"Curriculum references never substitute for clinical, automotive or legal validation",,NOT STARTED - proposed plan,S07;S27;S28;S29;S30,https://narodne-novine.nn.hr/clanci/sluzbeni/2019_01_10_212.html | https://azop.hr/primjena-opce-uredbe-o-zastiti-podataka-u-skolskim-ustanovama/ | https://www.hck.hr/kako-pomoci/mali-programi/prva-pomoc-10551/10551 | https://www.hah.hr/potrosacki-kutak/5-kljuceva-sigurnosti-hrane/ | https://www.fordservicecontent.com/Ford_Content/vdirsnet/OwnerManual/Home/Content?ProcUid=G2099248&Uid=G2099247&countryCode=USA&languageCode=en&vFilteringEnabled=False&variantid=7983
B3-Q,07.3 Book 3 production,Budget / procurement,B3,Refresh quotes and channel economics for this book,"1) Requote page count, binding and quantity scenarios; 2) update editing/art/review costs; 3) include deposit, damaged stock, returns and fulfilment; 4) approve a conservative funded print option",Commercial lead,B2-POST;DSN-06;STR-08,2028-04-03,2028-04-14,80,81,6-10,P0,Current landed-cost and cash model,"Base case does not count grants, future school adoption or unpaid orders; printer lead time may override target dates",,NOT STARTED - proposed plan,,
B3-SCOPE,07.3 Book 3 production,Commission,B3,"Confirm book-specific scope, capacity and cost ceiling",1) Confirm Spremni za samostalan život and the 60 topics; 2) commission roles under existing contracts; 3) verify 256-page budget; 4) stop if previous-book evidence or cash does not support expansion,Series producer,B2-POST;STR-09;LEG-03,2028-04-03,2028-04-07,80,80,4-6,P0,Book-specific commission note,Scope and maximum cash exposure approved; later-book schedule may be deferred,G-B3 Scope,NOT STARTED - proposed plan,,
B3-ART,07.3 Book 3 production,Illustration,B3,"Commission, draw and verify the book illustrations",1) Use approved shared style and six-topic module briefs; 2) deliver roughs before finals; 3) route every technical diagram to its specialist; 4) archive editable artwork and rights,Art director,B3-D01;B3-D02;DSN-07,2028-04-17,2028-07-07,82,93,90-160,P1,Complete illustration set and provenance ledger,Age-appropriate visual maturity; no unverified safety-critical images; all rights documented,,NOT STARTED - proposed plan,,
B3-D03,07.3 Book 3 production,Authoring,B3,Draft module 03: Kuham za sebe i druge,"1) Draft B3-013, B3-014, B3-015, B3-016, B3-017, B3-018 within allocated pages; 2) use concrete Croatian scenarios and the listed observable checks; 3) draft worksheet/card/guide notes from the same source; 4) log claims, permissions and stop conditions. Chapters: Jelovnik i kupnja za nekoliko dana; Sigurno s nožem, pločom i pećnicom; Jedan lonac, dobar obrok; Proteini za različite navike i potrebe; Ostaci hrane: spremi, označi, provjeri; Večera za četvero uz zadani budžet",Book author,B2-POST;CUR-03;DSN-09,2028-04-17,2028-04-28,82,83,24-40,P1,Six topic manuscript packets for B3-M03,"All six topics have source notes, safety tier, accessible alternative and asset IDs; no unverified placeholders in safety steps",,NOT STARTED - proposed plan,,
B3-D04,07.3 Book 3 production,Authoring,B3,Draft module 04: Moj prvi dom,"1) Draft B3-019, B3-020, B3-021, B3-022, B3-023, B3-024 within allocated pages; 2) use concrete Croatian scenarios and the listed observable checks; 3) draft worksheet/card/guide notes from the same source; 4) log claims, permissions and stop conditions. Chapters: Tražim stan: pitanja prije potpisa; Odjeća: pranje, sušenje i glačanje; Čist dom bez opasnih kombinacija; Osnovni alat i mali kućni popravak; Curi voda ili nestaje struje: prvo sigurnost; Selidba, sustanari i zajednički računi",Book author,B2-POST;CUR-03;DSN-09,2028-04-17,2028-04-28,82,83,24-40,P1,Six topic manuscript packets for B3-M04,"All six topics have source notes, safety tier, accessible alternative and asset IDs; no unverified placeholders in safety steps",,NOT STARTED - proposed plan,,
B3-R01,07.3 Book 3 production,Editorial and specialist review,B3,Review module 01: Novac za stvarni život,"1) Age-band teacher checks all six outcomes and activities; 2) named topic specialists verify exact facts and diagrams; 3) author closes corrections; 4) record any remaining noncritical issue for final copy edit. Topics: B3-001, B3-002, B3-003, B3-004, B3-005, B3-006",Module editor and required specialists,B3-D01;STR-05,2028-04-17,2028-04-28,82,83,14-24,P0,Signed review sheets for B3-M01,"Zero unresolved critical safety, privacy or factual defects; each procedural source dated",G-B3-M01 Safe module,NOT STARTED - proposed plan,,
B3-R02,07.3 Book 3 production,Editorial and specialist review,B3,"Review module 02: Učenje, posao i zarada","1) Age-band teacher checks all six outcomes and activities; 2) named topic specialists verify exact facts and diagrams; 3) author closes corrections; 4) record any remaining noncritical issue for final copy edit. Topics: B3-007, B3-008, B3-009, B3-010, B3-011, B3-012",Module editor and required specialists,B3-D02;STR-05,2028-04-17,2028-04-28,82,83,14-24,P0,Signed review sheets for B3-M02,"Zero unresolved critical safety, privacy or factual defects; each procedural source dated",G-B3-M02 Safe module,NOT STARTED - proposed plan,,
B3-D05,07.3 Book 3 production,Authoring,B3,Draft module 05: Na cesti i uz automobil,"1) Draft B3-025, B3-026, B3-027, B3-028, B3-029, B3-030 within allocated pages; 2) use concrete Croatian scenarios and the listed observable checks; 3) draft worksheet/card/guide notes from the same source; 4) log claims, permissions and stop conditions. Chapters: Vozačka dozvola: trošak i odgovornost; Prije vožnje: gume, tekućine i lampice; Kvar na cesti: zaštitim sebe i zovem pomoć; Prazan akumulator: pokretanje uz pomoć; Probušena guma: kada mijenjati, kada zvati?; Automobil nije samo kupovna cijena",Book author,B2-POST;CUR-03;DSN-09,2028-05-01,2028-05-12,84,85,24-40,P1,Six topic manuscript packets for B3-M05,"All six topics have source notes, safety tier, accessible alternative and asset IDs; no unverified placeholders in safety steps",,NOT STARTED - proposed plan,,
B3-D06,07.3 Book 3 production,Authoring,B3,Draft module 06: Zdravlje i sigurnost,"1) Draft B3-031, B3-032, B3-033, B3-034, B3-035, B3-036 within allocated pages; 2) use concrete Croatian scenarios and the listed observable checks; 3) draft worksheet/card/guide notes from the same source; 4) log claims, permissions and stop conditions. Chapters: Liječnik, termin i pitanja o lijeku; Prva pomoć: znanje pretvaram u vještinu; Mentalno zdravlje: prepoznajem potrebu za pomoći; Pristanak, seksualno zdravlje i pouzdane informacije; Alkohol, druge tvari i siguran povratak; Rad, san i oporavak mogu zajedno",Book author,B2-POST;CUR-03;DSN-09,2028-05-01,2028-05-12,84,85,24-40,P1,Six topic manuscript packets for B3-M06,"All six topics have source notes, safety tier, accessible alternative and asset IDs; no unverified placeholders in safety steps",,NOT STARTED - proposed plan,,
B3-R03,07.3 Book 3 production,Editorial and specialist review,B3,Review module 03: Kuham za sebe i druge,"1) Age-band teacher checks all six outcomes and activities; 2) named topic specialists verify exact facts and diagrams; 3) author closes corrections; 4) record any remaining noncritical issue for final copy edit. Topics: B3-013, B3-014, B3-015, B3-016, B3-017, B3-018",Module editor and required specialists,B3-D03;STR-05;B3-FACT,2028-05-01,2028-05-12,84,85,14-24,P0,Signed review sheets for B3-M03,"Zero unresolved critical safety, privacy or factual defects; each procedural source dated",G-B3-M03 Safe module,NOT STARTED - proposed plan,,
B3-R04,07.3 Book 3 production,Editorial and specialist review,B3,Review module 04: Moj prvi dom,"1) Age-band teacher checks all six outcomes and activities; 2) named topic specialists verify exact facts and diagrams; 3) author closes corrections; 4) record any remaining noncritical issue for final copy edit. Topics: B3-019, B3-020, B3-021, B3-022, B3-023, B3-024",Module editor and required specialists,B3-D04;STR-05;B3-FACT,2028-05-01,2028-05-12,84,85,14-24,P0,Signed review sheets for B3-M04,"Zero unresolved critical safety, privacy or factual defects; each procedural source dated",G-B3-M04 Safe module,NOT STARTED - proposed plan,,
B3-D07,07.3 Book 3 production,Authoring,B3,"Draft module 07: Odnosi, granice i dogovori","1) Draft B3-037, B3-038, B3-039, B3-040, B3-041, B3-042 within allocated pages; 2) use concrete Croatian scenarios and the listed observable checks; 3) draft worksheet/card/guide notes from the same source; 4) log claims, permissions and stop conditions. Chapters: Jasno kažem što trebam; Zdrav odnos i znakovi kontrole; Podrška prijatelju nije samostalno spašavanje; Novac i dogovori među ljudima; Prigovor koji se može riješiti; Govorim pred drugima i vodim težak razgovor",Book author,B2-POST;CUR-03;DSN-09,2028-05-15,2028-05-26,86,87,24-40,P1,Six topic manuscript packets for B3-M07,"All six topics have source notes, safety tier, accessible alternative and asset IDs; no unverified placeholders in safety steps",,NOT STARTED - proposed plan,,
B3-D08,07.3 Book 3 production,Authoring,B3,Draft module 08: Digitalna samostalnost,"1) Draft B3-043, B3-044, B3-045, B3-046, B3-047, B3-048 within allocated pages; 2) use concrete Croatian scenarios and the listed observable checks; 3) draft worksheet/card/guide notes from the same source; 4) log claims, permissions and stop conditions. Chapters: Digitalni identitet i oporavak pristupa; Online kupnja, lažni poslovi i novčane mule; AI u učenju i poslu: provjeri i navedi; Tablica koja mi štedi vrijeme; Brojke, vijesti i uvjerljive tvrdnje; Izgubljen mobitel ili račun: moj plan oporavka",Book author,B2-POST;CUR-03;DSN-09,2028-05-15,2028-05-26,86,87,24-40,P1,Six topic manuscript packets for B3-M08,"All six topics have source notes, safety tier, accessible alternative and asset IDs; no unverified placeholders in safety steps",,NOT STARTED - proposed plan,,
B3-R05,07.3 Book 3 production,Editorial and specialist review,B3,Review module 05: Na cesti i uz automobil,"1) Age-band teacher checks all six outcomes and activities; 2) named topic specialists verify exact facts and diagrams; 3) author closes corrections; 4) record any remaining noncritical issue for final copy edit. Topics: B3-025, B3-026, B3-027, B3-028, B3-029, B3-030",Module editor and required specialists,B3-D05;STR-05;B3-FACT,2028-05-15,2028-05-26,86,87,14-24,P0,Signed review sheets for B3-M05,"Zero unresolved critical safety, privacy or factual defects; each procedural source dated",G-B3-M05 Safe module,NOT STARTED - proposed plan,,
B3-R06,07.3 Book 3 production,Editorial and specialist review,B3,Review module 06: Zdravlje i sigurnost,"1) Age-band teacher checks all six outcomes and activities; 2) named topic specialists verify exact facts and diagrams; 3) author closes corrections; 4) record any remaining noncritical issue for final copy edit. Topics: B3-031, B3-032, B3-033, B3-034, B3-035, B3-036",Module editor and required specialists,B3-D06;STR-05;B3-FACT,2028-05-15,2028-05-26,86,87,14-24,P0,Signed review sheets for B3-M06,"Zero unresolved critical safety, privacy or factual defects; each procedural source dated",G-B3-M06 Safe module,NOT STARTED - proposed plan,,
B3-D09,07.3 Book 3 production,Authoring,B3,"Draft module 09: Prava, obveze i zajednica","1) Draft B3-049, B3-050, B3-051, B3-052, B3-053, B3-054 within allocated pages; 2) use concrete Croatian scenarios and the listed observable checks; 3) draft worksheet/card/guide notes from the same source; 4) log claims, permissions and stop conditions. Chapters: Dokumenti, OIB i digitalne javne usluge; Kome se obraćam i što trebam pripremiti?; Kupnja, povrat i osiguranje; Izbori i javne odluke: kako provjeriti postupak; Resursi, energija i moj izbor; Putovanje: dokumenti, osiguranje i pomoć",Book author,B2-POST;CUR-03;DSN-09,2028-05-29,2028-06-09,88,89,24-40,P1,Six topic manuscript packets for B3-M09,"All six topics have source notes, safety tier, accessible alternative and asset IDs; no unverified placeholders in safety steps",,NOT STARTED - proposed plan,,
B3-D10,07.3 Book 3 production,Authoring,B3,Draft module 10: Spremni za samostalan život,"1) Draft B3-055, B3-056, B3-057, B3-058, B3-059, B3-060 within allocated pages; 2) use concrete Croatian scenarios and the listed observable checks; 3) draft worksheet/card/guide notes from the same source; 4) log claims, permissions and stop conditions. Chapters: Planiram put od vrata do vrata; Moj prvi stan: mogu li ga stvarno priuštiti?; Popraviti samostalno ili angažirati stručnjaka?; Projekt od dogovora do završetka; Kad upute nisu jasne; Trideset dana samostalnosti: završna misija",Book author,B2-POST;CUR-03;DSN-09,2028-05-29,2028-06-09,88,89,24-40,P1,Six topic manuscript packets for B3-M10,"All six topics have source notes, safety tier, accessible alternative and asset IDs; no unverified placeholders in safety steps",,NOT STARTED - proposed plan,,
B3-R07,07.3 Book 3 production,Editorial and specialist review,B3,"Review module 07: Odnosi, granice i dogovori","1) Age-band teacher checks all six outcomes and activities; 2) named topic specialists verify exact facts and diagrams; 3) author closes corrections; 4) record any remaining noncritical issue for final copy edit. Topics: B3-037, B3-038, B3-039, B3-040, B3-041, B3-042",Module editor and required specialists,B3-D07;STR-05;B3-FACT,2028-05-29,2028-06-09,88,89,14-24,P0,Signed review sheets for B3-M07,"Zero unresolved critical safety, privacy or factual defects; each procedural source dated",G-B3-M07 Safe module,NOT STARTED - proposed plan,,
B3-R08,07.3 Book 3 production,Editorial and specialist review,B3,Review module 08: Digitalna samostalnost,"1) Age-band teacher checks all six outcomes and activities; 2) named topic specialists verify exact facts and diagrams; 3) author closes corrections; 4) record any remaining noncritical issue for final copy edit. Topics: B3-043, B3-044, B3-045, B3-046, B3-047, B3-048",Module editor and required specialists,B3-D08;STR-05;B3-FACT,2028-05-29,2028-06-09,88,89,14-24,P0,Signed review sheets for B3-M08,"Zero unresolved critical safety, privacy or factual defects; each procedural source dated",G-B3-M08 Safe module,NOT STARTED - proposed plan,,
B3-MISSION,07.3 Book 3 production,Integrated activities,B3,Write ten four-page module missions,1) Use 11_module_missions as the blueprint; 2) create new transfer situations rather than copying chapter exercises; 3) include paper resources and support; 4) obtain specialist review for all practical variants,Lead educator,B3-D01;B3-D02;B3-D03;B3-D04;B3-D05;B3-D06;B3-D07;B3-D08;B3-D09;B3-D10,2028-06-12,2028-06-23,90,91,20-32,P1,Ten module missions and answer/support notes,Forty-page budget; each mission inherits the highest relevant safety tier and has observable evidence,,NOT STARTED - proposed plan,,
B3-R09,07.3 Book 3 production,Editorial and specialist review,B3,"Review module 09: Prava, obveze i zajednica","1) Age-band teacher checks all six outcomes and activities; 2) named topic specialists verify exact facts and diagrams; 3) author closes corrections; 4) record any remaining noncritical issue for final copy edit. Topics: B3-049, B3-050, B3-051, B3-052, B3-053, B3-054",Module editor and required specialists,B3-D09;STR-05;B3-FACT,2028-06-12,2028-06-23,90,91,14-24,P0,Signed review sheets for B3-M09,"Zero unresolved critical safety, privacy or factual defects; each procedural source dated",G-B3-M09 Safe module,NOT STARTED - proposed plan,,
B3-R10,07.3 Book 3 production,Editorial and specialist review,B3,Review module 10: Spremni za samostalan život,"1) Age-band teacher checks all six outcomes and activities; 2) named topic specialists verify exact facts and diagrams; 3) author closes corrections; 4) record any remaining noncritical issue for final copy edit. Topics: B3-055, B3-056, B3-057, B3-058, B3-059, B3-060",Module editor and required specialists,B3-D10;STR-05;B3-FACT,2028-06-12,2028-06-23,90,91,14-24,P0,Signed review sheets for B3-M10,"Zero unresolved critical safety, privacy or factual defects; each procedural source dated",G-B3-M10 Safe module,NOT STARTED - proposed plan,,
B3-COPY,07.3 Book 3 production,Editing,B3,Complete developmental and Croatian language editing,"1) Harmonise terms, reading load and cross-references; 2) verify every worked example; 3) check all 60 topic IDs; 4) send changed technical text back to reviewer",Croatian editor,B3-R01;B3-R02;B3-R03;B3-R04;B3-R05;B3-R06;B3-R07;B3-R08;B3-R09;B3-R10;B3-MISSION,2028-06-26,2028-07-07,92,93,28-44,P1,Copyedited complete manuscript,"Consistent standard Croatian, diacritics, units, money and page allocation; no unresolved comments in final text",,NOT STARTED - proposed plan,,
B3-RETEST,07.3 Book 3 production,Reader validation,B3,Retest the complete content with the target band,1) Sample new and revised chapters across all modules; 2) use paper and adult-approved practical variants only; 3) include supported readers; 4) collect anonymous comprehension and usability observations,Pilot educator,B3-R01;B3-R02;B3-R03;B3-R04;B3-R05;B3-R06;B3-R07;B3-R08;B3-R09;B3-R10;B3-MISSION;LEG-06;LEG-04,2028-06-26,2028-07-07,92,93,16-26,P1,Book-specific usability retest,"Zero safety events or unresolved confusion about stop conditions; summer sessions are voluntary family/community sessions, not assumed school access",,NOT STARTED - proposed plan,S16;S27,https://narodne-novine.nn.hr/clanci/sluzbeni/2018_12_116_2288.html | https://azop.hr/primjena-opce-uredbe-o-zastiti-podataka-u-skolskim-ustanovama/
B3-FREEZE,07.3 Book 3 production,Content gate,B3,Freeze the reviewed manuscript and all safety wording,1) Integrate retest changes; 2) close editorial and illustration defects; 3) obtain final specialist sign-offs; 4) lock a versioned manuscript and claim ledger,Managing editor,B3-COPY;B3-RETEST;B3-ART;B3-FACT,2028-07-10,2028-07-14,94,94,8-14,P0,Signed content freeze,All critical risks closed; any future substantive change reopens the affected review,G-B3 Content freeze,NOT STARTED - proposed plan,,
B3-CARD,07.3 Book 3 production,Cards and passport,B3,Produce printable 72-card deck and skills passport,"1) Make 60 skill, 10 mission and 2 instruction cards; 2) put answers/support on reverse; 3) retain safety tiers; 4) add private progress passport; 5) defer physical inventory",Companion designer,B3-FREEZE;DSN-05,2028-07-17,2028-08-18,95,99,20-32,P1,Printable deck and 12-page passport,Exactly 72 cards; no hazardous challenge or public ranking; every ID resolves,,NOT STARTED - proposed plan,,
B3-LAYOUT,07.3 Book 3 production,Typesetting,B3,Typeset the complete book and check the set,1) Flow final text and art into shared templates; 2) inspect every spread and cross-reference; 3) compare cover/spine with other age bands; 4) resolve page overflow without shrinking safety text,Book designer,B3-FREEZE,2028-07-17,2028-08-11,95,98,36-56,P1,Complete laid-out book PDF and editable sources,Exactly 256 planned pages or a formally approved revised signature; accessible reading sizes retained,,NOT STARTED - proposed plan,,
B3-META,07.3 Book 3 production,Sales preparation,B3,"Prepare accurate listings, samples and channel offers",1) Write parent-facing description and age/safety scope; 2) prepare metadata and sample spreads; 3) negotiate direct/bookstore/library terms; 4) remove unsupported claims,Commercial editor,B3-FREEZE;LEG-09;B3-Q,2028-07-17,2028-08-18,95,99,10-16,P1,"Approved metadata, sales page and channel term sheet","No ministry endorsement, guaranteed outcomes or inflated school-use claims",,NOT STARTED - proposed plan,,
B3-PG,07.3 Book 3 production,Parent guide,B3,Produce the parent/caregiver guide,1) Group prompts for all 60 topics into a 24-page guide; 2) explain support and stopping rules; 3) add low-cost/adapted options; 4) check all links and IDs,Family-guide editor,B3-FREEZE;DSN-05,2028-07-17,2028-08-18,95,99,12-20,P1,Accessible parent guide draft and reviewed final,Coverage index reaches every topic; no assumption about family structure or finances,,NOT STARTED - proposed plan,,
B3-TG-DRAFT,07.3 Book 3 production,Teacher guide,B3,Draft the teacher-guide content without approval claims,"1) Create 60 brief lesson plans; 2) add 12-lesson and 35-session proposed paths; 3) map exact grades and candidate codes; 4) include preparation, evidence, differentiation and stop rules",Teacher-guide editor,B3-FREEZE;CUR-10;CUR-08,2028-07-17,2028-09-01,95,101,30-48,P1,Approx. 96-page teacher-guide draft,Clearly marked candidate/evaluation version; formal classroom distribution waits for applicable legal route,,NOT STARTED - proposed plan,S01;S02;S03;S04;S05;S06;S07;S16;S17,https://narodne-novine.nn.hr/clanci/sluzbeni/2019_01_7_157.html | https://narodne-novine.nn.hr/clanci/sluzbeni/2019_01_7_153.html | https://narodne-novine.nn.hr/clanci/sluzbeni/2019_01_7_154.html | https://narodne-novine.nn.hr/clanci/sluzbeni/2019_01_7_150.html | https://narodne-novine.nn.hr/clanci/sluzbeni/2019_01_7_152.html | https://narodne-novine.nn.hr/clanci/sluzbeni/2019_01_10_217.html | https://narodne-novine.nn.hr/clanci/sluzbeni/2019_01_10_212.html | https://narodne-novine.nn.hr/clanci/sluzbeni/2018_12_116_2288.html | https://www.azoo.hr/drugi-obrazovni-materijali-arhiva/postupak-za-objavu-drugog-obrazovnog-materijala-u-virtualni-repozitorij/
B3-WS,07.3 Book 3 production,Worksheets,B3,Produce 60 low-ink worksheets and separate answer notes,1) Reuse approved topic activity; 2) supply worked/support examples and fictional data; 3) test printing and oral alternatives; 4) attach copying-licence wording,Worksheet editor,B3-FREEZE;DSN-05,2028-07-17,2028-08-18,95,99,22-36,P1,60 worksheets and answer/support pack,All essential activities available without child phone or purchases; rights and school-use conditions clear,,NOT STARTED - proposed plan,S12;S16,https://narodne-novine.nn.hr/eli/sluzbeni/2026/22/257 | https://narodne-novine.nn.hr/clanci/sluzbeni/2018_12_116_2288.html
B3-PREPRESS,07.3 Book 3 production,Prepress,B3,Proofread final layout and run production checks,"1) Read every page at actual size; 2) check numbers, safety diagrams, QR codes and IDs; 3) inspect bleed/gutter/colour; 4) verify permissions and imprint requirements",Independent proofreader and production manager,B3-LAYOUT,2028-08-14,2028-08-18,99,99,16-26,P0,Prepress defect log with closures,"No missing glyphs, clipping, broken QR paths or incorrect safety labels",,NOT STARTED - proposed plan,,
B3-ID,07.3 Book 3 production,Publishing administration,B3,"Finalise edition identifiers, CIP and imprint",1) Confirm separate format/edition ISBNs; 2) apply for eligible book CIP after final correction; 3) insert current NSK-prescribed number/access wording; 4) confirm exclusions for worksheets/cards,Production manager,B3-PREPRESS;LEG-07,2028-08-21,2028-08-25,100,100,3-6,P1,Identifier register and final imprint,Do not paste an obsolete full CIP record; no unnecessary CIP claim for excluded material,,NOT STARTED - proposed plan,S24;S25,https://nsk.hr/nakladnici/hrvatski-ured-za-isbn/ | https://nsk.hr/nakladnici/cip/
B3-PREORDER,07.3 Book 3 production,Demand validation,B3,Validate paid demand only through a compliant transparent offer,1) Set quoted price and realistic delivery range; 2) show genuine samples and terms; 3) collect adult preorders only if refund capacity exists; 4) compare net committed orders with print exposure,Commercial lead,B3-META;WEB-04;WEB-03,2028-08-21,2028-09-01,100,101,6-12,P1,Dated preorder/demand and refund-liability report,"No invented scarcity or promised school subsidy; order volume is evidence, not proof of future sales",,NOT STARTED - proposed plan,,
B3-WEB,07.3 Book 3 production,Companion publication,B3,Publish checked extras and test every print-to-web path,1) Upload reviewed parent/worksheet/card/passport assets; 2) verify content versions and rights; 3) test mobile/keyboard/print access; 4) run privacy and link checks,Web lead,B3-PG;B3-WS;B3-CARD;WEB-04,2028-08-21,2028-09-01,100,101,10-16,P1,Live or launch-ready book companion library,Every printed code resolves to the matching edition; no account requirement or incomplete essential task,,NOT STARTED - proposed plan,,
B3-PROOF,07.3 Book 3 production,Manufacturing gate,B3,Approve a physical contract proof and binding sample,"1) Inspect proof against final files; 2) check colour, readability, spine, paper and binding; 3) scan actual QR codes; 4) sign or reject proof",Production manager and safety editor,B3-ID;B3-Q,2028-08-28,2028-09-01,101,101,5-8,P0,Signed physical print proof,Correct edition/ISBN/imprint and safe readable diagrams; no approval based solely on screen view,G-B3 Print proof,NOT STARTED - proposed plan,,
B3-DEPOSIT,07.3 Book 3 production,Publishing administration,B3,Complete legal deposit and archive production evidence,"1) Obtain actual print-completion date from printer; 2) confirm funding/format deposit count; 3) have required NSK/county copies dispatched promptly, operational target within 7 days of printing and never beyond the statutory 30 days; 4) retain receipts; do not wait for retail launch",Production manager,B3-PROOF,2028-09-04,2028-10-13,102,107,2-4,P1,Deposit receipts and archival package,Trigger-based hard deadline overrides the provisional scheduling window: required copies delivered within applicable 30-day period after actual printing; verify current digital/public-funding rules,Actual printing triggers deposit; independent of launch date,NOT STARTED - proposed plan,S26,https://nsk.hr/nakladnici/obvezni-primjerak/
B3-PRINT,07.3 Book 3 production,Manufacturing,B3,Release a funded print order and inspect delivered stock,"1) Choose print quantity using contribution, cash and real demand; 2) check committed capacity/lead time; 3) approve order after proof; 4) inspect cartons and damage; 5) reserve deposit/review copies",Production manager,B3-PROOF;B3-PREORDER;B3-Q,2028-09-04,2028-10-06,102,106,6-10,P0,"Accepted stock, inventory and landed-cost record",Available cash covers production and liabilities with an owner-approved buffer; target date moves if printer lead time requires,G-B3 Cash and stock,NOT STARTED - proposed plan,,
B3-LAUNCH,07.3 Book 3 production,Release,B3,Launch the trade edition with essential companions,"1) Confirm saleable stock and tested fulfilment; 2) release approved adult-facing pages; 3) activate reviewed extras; 4) monitor questions, returns and safety reports",Series producer,B3-PRINT;B3-WEB;B3-META;WEB-06,2028-10-09,2028-10-15,107,107,10-16,P0,Trade book release and launch checklist,"Book, parent guide, worksheets, printable cards and passport coherent; no premature educational-edition claim",G-B3 Trade release,NOT STARTED - proposed plan,,
B3-POST,07.3 Book 3 production,Review gate,B3,"Review real sales, returns, usage and defects before expansion",1) Compare paid sales and channel margin with model; 2) record returns/complaints and support costs; 3) examine companion use without child profiling; 4) decide revise/reprint/expand/pause,Series producer,B3-LAUNCH;B3-DEPOSIT,2028-11-06,2028-12-01,111,114,8-14,P0,Post-launch decision and corrected backlog,No reprint or next-book commitment justified solely by gross revenue; critical corrections handled immediately,G-B3 Expansion decision,NOT STARTED - proposed plan,,
GROW-07,09 Extensions,Boxed set,Series,Engineer and price the three-book set after final spines exist,1) Measure actual books and parcel weight; 2) quote slipcase/packaging; 3) test total landed cost and damage; 4) align edition versions and stock; 5) release only if contribution remains viable,Production and commercial leads,B3-POST;B1-POST;B2-POST,2028-12-04,2028-12-29,115,118,10-18,P2,Physical set proof and unit economics,Three books look coherent; packaging fits actual spines; no stranded stock assumption,,NOT STARTED - proposed plan,,
VOC-02,08 School editions,Vocational variant,B3,Decide whether a separate vocational-subject edition is justified,1) Review Book 3 evidence and teacher demand; 2) select exact qualification/SIU; 3) confirm ASOO jurisdiction and current requirements; 4) fund a separate variant only if worthwhile,Vocational curriculum lead,B3-POST;VOC-01,2028-12-18,2029-01-05,117,119,8-14,P2,Vocational variant decision and applicable checklist,General life-skills edition is not marketed as an approved vocational module; no automatic AZOO deadline,,NOT STARTED - proposed plan,S14;S34,https://www.asoo.hr/obrazovanje/strukovno-obrazovanje/modularna-nastava/ | https://www.asoo.hr/obrazovanje/strukovno-obrazovanje/drugi-obrazovni-materijali/
ED2-01,08 School editions,Dossier scope,B2,"Reconfirm school-material category, applicant and current rules","1) Recheck law, AZOO response and forms; 2) define exact edition/grade/format scope; 3) verify copying licences and digital attachments; 4) confirm annual deadline and fees",School-edition lead,B2-POST;B2-TG-DRAFT;LEG-05,2029-01-08,2029-01-12,120,120,4-8,P0,Edition-specific classification and checklist,Commercial applicant and every offered format eligible; approval wording not prewritten as fact,,NOT STARTED - proposed plan,S15;S16;S17;S18;S19,https://narodne-novine.nn.hr/clanci/sluzbeni/2025_07_105_1477.html | https://narodne-novine.nn.hr/clanci/sluzbeni/2018_12_116_2288.html | https://www.azoo.hr/drugi-obrazovni-materijali-arhiva/postupak-za-objavu-drugog-obrazovnog-materijala-u-virtualni-repozitorij/ | https://www.azoo.hr/app/uploads/2020/11/Postupak-za-objavu-DOM-a.pdf | https://www.azoo.hr/app/uploads/2020/10/Izmjena-postupka.pdf
ED3-01,08 School editions,Dossier scope,B3,"Reconfirm school-material category, applicant and current rules","1) Confirm general cross-curricular versus vocational-subject scope; 2) obtain current competent-agency AZOO/ASOO checklist; 3) separate variants if needed; 4) confirm applicant, formats, copies, fees and timing",School-edition lead,B3-POST;B3-TG-DRAFT;LEG-05;VOC-02,2029-01-08,2029-01-12,120,120,4-8,P0,Edition-specific classification and checklist,"Commercial applicant and every offered format eligible; approval wording not prewritten as fact; ASOO timing/checklist applies to vocational-subject scope if confirmed, not the AZOO deadline by default",,NOT STARTED - proposed plan,S15;S16;S17;S18;S19;S34,https://narodne-novine.nn.hr/clanci/sluzbeni/2025_07_105_1477.html | https://narodne-novine.nn.hr/clanci/sluzbeni/2018_12_116_2288.html | https://www.azoo.hr/drugi-obrazovni-materijali-arhiva/postupak-za-objavu-drugog-obrazovnog-materijala-u-virtualni-repozitorij/ | https://www.azoo.hr/app/uploads/2020/11/Postupak-za-objavu-DOM-a.pdf | https://www.azoo.hr/app/uploads/2020/10/Izmjena-postupka.pdf | https://www.asoo.hr/obrazovanje/strukovno-obrazovanje/drugi-obrazovni-materijali/
ED2-02,08 School editions,Curriculum validation,B2,Complete exact-grade curriculum mapping and teacher-guide review,1) Check every lesson against applicable code and cycle; 2) distinguish full/partial contribution; 3) add observable evidence and adaptations; 4) validate BrAIn/PV/SIU only where applicable,Curriculum review panel,ED2-01,2029-01-15,2029-02-02,121,123,24-40,P0,Signed complete teacher matrix and guide,Every classroom claim traceable to current source and reviewed lesson; remaining gaps explicitly excluded,,NOT STARTED - proposed plan,S01;S02;S03;S04;S05;S06;S07;S09;S13;S14,https://narodne-novine.nn.hr/clanci/sluzbeni/2019_01_7_157.html | https://narodne-novine.nn.hr/clanci/sluzbeni/2019_01_7_153.html | https://narodne-novine.nn.hr/clanci/sluzbeni/2019_01_7_154.html | https://narodne-novine.nn.hr/clanci/sluzbeni/2019_01_7_150.html | https://narodne-novine.nn.hr/clanci/sluzbeni/2019_01_7_152.html | https://narodne-novine.nn.hr/clanci/sluzbeni/2019_01_10_217.html | https://narodne-novine.nn.hr/clanci/sluzbeni/2019_01_10_212.html | https://mzom.gov.hr/UserDocsImages//dokumenti/Obrazovanje/OsnovneSkole//Eksperimentalni-kurikulum-nastavnog-predmeta-Prakticne-vjestine-za-osnovne-skole.pdf | https://www.carnet.hr/carnet-ov-projekt-brain-od-ove-skolske-godine-kurikuli-o-umjetnoj-inteligenciji-dostupni-od-5-razreda-osnovne-do-kraja-srednje-skole/ | https://www.asoo.hr/obrazovanje/strukovno-obrazovanje/modularna-nastava/
ED3-02,08 School editions,Curriculum validation,B3,Complete exact-grade curriculum mapping and teacher-guide review,1) Check every lesson against applicable code and cycle; 2) distinguish full/partial contribution; 3) add observable evidence and adaptations; 4) validate BrAIn/PV/SIU only where applicable,Curriculum review panel,ED3-01,2029-01-15,2029-02-02,121,123,24-40,P0,Signed complete teacher matrix and guide,"Every classroom claim traceable to current source and reviewed lesson; remaining gaps explicitly excluded; ASOO timing/checklist applies to vocational-subject scope if confirmed, not the AZOO deadline by default",,NOT STARTED - proposed plan,S01;S02;S03;S04;S05;S06;S07;S09;S13;S14;S34,https://narodne-novine.nn.hr/clanci/sluzbeni/2019_01_7_157.html | https://narodne-novine.nn.hr/clanci/sluzbeni/2019_01_7_153.html | https://narodne-novine.nn.hr/clanci/sluzbeni/2019_01_7_154.html | https://narodne-novine.nn.hr/clanci/sluzbeni/2019_01_7_150.html | https://narodne-novine.nn.hr/clanci/sluzbeni/2019_01_7_152.html | https://narodne-novine.nn.hr/clanci/sluzbeni/2019_01_10_217.html | https://narodne-novine.nn.hr/clanci/sluzbeni/2019_01_10_212.html | https://mzom.gov.hr/UserDocsImages//dokumenti/Obrazovanje/OsnovneSkole//Eksperimentalni-kurikulum-nastavnog-predmeta-Prakticne-vjestine-za-osnovne-skole.pdf | https://www.carnet.hr/carnet-ov-projekt-brain-od-ove-skolske-godine-kurikuli-o-umjetnoj-inteligenciji-dostupni-od-5-razreda-osnovne-do-kraja-srednje-skole/ | https://www.asoo.hr/obrazovanje/strukovno-obrazovanje/modularna-nastava/ | https://www.asoo.hr/obrazovanje/strukovno-obrazovanje/drugi-obrazovni-materijali/
ED2-03,08 School editions,School feasibility,B2,Validate teacher preparation and authorised classroom delivery,"1) Use only legally permitted evaluation route; 2) obtain school permissions; 3) test timing, resources and differentiation; 4) document feedback without pupil identifiers",Pilot educator,ED2-02;LEG-04;LEG-06,2029-02-05,2029-02-16,124,125,16-28,P1,Teacher feasibility report,No workaround around approval restrictions; desk-based evaluation if live use is not authorised,,NOT STARTED - proposed plan,S16;S27,https://narodne-novine.nn.hr/clanci/sluzbeni/2018_12_116_2288.html | https://azop.hr/primjena-opce-uredbe-o-zastiti-podataka-u-skolskim-ustanovama/
ED3-03,08 School editions,School feasibility,B3,Validate teacher preparation and authorised classroom delivery,"1) Use only legally permitted evaluation route; 2) obtain school permissions; 3) test timing, resources and differentiation; 4) document feedback without pupil identifiers",Pilot educator,ED3-02;LEG-04;LEG-06,2029-02-05,2029-02-16,124,125,16-28,P1,Teacher feasibility report,"No workaround around approval restrictions; desk-based evaluation if live use is not authorised; ASOO timing/checklist applies to vocational-subject scope if confirmed, not the AZOO deadline by default",,NOT STARTED - proposed plan,S16;S27;S34,https://narodne-novine.nn.hr/clanci/sluzbeni/2018_12_116_2288.html | https://azop.hr/primjena-opce-uredbe-o-zastiti-podataka-u-skolskim-ustanovama/ | https://www.asoo.hr/obrazovanje/strukovno-obrazovanje/drugi-obrazovni-materijali/
ED2-04,08 School editions,Final dossier,B2,Freeze the educational edition and required declarations,"1) Integrate permissible changes; 2) repeat changed safety/legal reviews; 3) lock version, ISBN where appropriate and rights; 4) assemble all required attachments",Educational managing editor,ED2-03,2029-02-19,2029-03-16,126,129,16-24,P0,Complete application dossier,Independent completeness check; print/electronic versions match exactly,G-ED2 Submission readiness,NOT STARTED - proposed plan,S17;S18;S19;S24;S25,https://www.azoo.hr/drugi-obrazovni-materijali-arhiva/postupak-za-objavu-drugog-obrazovnog-materijala-u-virtualni-repozitorij/ | https://www.azoo.hr/app/uploads/2020/11/Postupak-za-objavu-DOM-a.pdf | https://www.azoo.hr/app/uploads/2020/10/Izmjena-postupka.pdf | https://nsk.hr/nakladnici/hrvatski-ured-za-isbn/ | https://nsk.hr/nakladnici/cip/
ED3-04,08 School editions,Final dossier,B3,Freeze the educational edition and required declarations,"1) Integrate teacher findings; 2) repeat changed safety/legal reviews; 3) lock edition and rights; 4) assemble the competent agency's current required copies, declarations and electronic material",Educational managing editor,ED3-03,2029-02-19,2029-03-16,126,129,16-24,P0,Complete application dossier,"Independent completeness check; print/electronic versions match exactly; ASOO timing/checklist applies to vocational-subject scope if confirmed, not the AZOO deadline by default",G-ED3 Submission readiness,NOT STARTED - proposed plan,S17;S18;S19;S24;S25;S34,https://www.azoo.hr/drugi-obrazovni-materijali-arhiva/postupak-za-objavu-drugog-obrazovnog-materijala-u-virtualni-repozitorij/ | https://www.azoo.hr/app/uploads/2020/11/Postupak-za-objavu-DOM-a.pdf | https://www.azoo.hr/app/uploads/2020/10/Izmjena-postupka.pdf | https://nsk.hr/nakladnici/hrvatski-ured-za-isbn/ | https://nsk.hr/nakladnici/cip/ | https://www.asoo.hr/obrazovanje/strukovno-obrazovanje/drugi-obrazovni-materijali/
ED2-05,08 School editions,Filing,B2,File educational edition before the confirmed annual deadline,1) Reconfirm 31 March rule/current instructions; 2) submit complete dossier; 3) archive receipt; 4) open tracked response log,School-edition coordinator,ED2-04,2029-03-19,2029-03-23,130,130,3-5,P0,Application receipt,Planned B1 route 2028/2029; B2/B3 2029/2030; outcome and turnaround not guaranteed,G-ED2 Application filed,NOT STARTED - proposed plan,S17;S18;S19,https://www.azoo.hr/drugi-obrazovni-materijali-arhiva/postupak-za-objavu-drugog-obrazovnog-materijala-u-virtualni-repozitorij/ | https://www.azoo.hr/app/uploads/2020/11/Postupak-za-objavu-DOM-a.pdf | https://www.azoo.hr/app/uploads/2020/10/Izmjena-postupka.pdf
ED3-05,08 School editions,Filing,B3,File through the confirmed competent-agency route,1) Confirm AZOO or ASOO jurisdiction for each variant; 2) check its actual deadline and current instructions; 3) submit complete package; 4) retain receipt and track requests,School-edition coordinator,ED3-04,2029-03-19,2029-03-23,130,130,3-5,P0,Application receipt,"March 2029 is a project filing target, not a verified ASOO deadline; 31 March applies only to confirmed AZOO route; no guaranteed approval or school selection",G-ED3 Application filed,NOT STARTED - proposed plan,S17;S18;S19;S34,https://www.azoo.hr/drugi-obrazovni-materijali-arhiva/postupak-za-objavu-drugog-obrazovnog-materijala-u-virtualni-repozitorij/ | https://www.azoo.hr/app/uploads/2020/11/Postupak-za-objavu-DOM-a.pdf | https://www.azoo.hr/app/uploads/2020/10/Izmjena-postupka.pdf | https://www.asoo.hr/obrazovanje/strukovno-obrazovanje/drugi-obrazovni-materijali/
ED2-06,08 School editions,Conditional adoption,B2,Respond to reviewers and release school SKU only after written clearance,1) Log requests and revise under change control; 2) obtain written decision; 3) verify applicable repository listing; 4) update precise claims; 5) seek school selection through compliant channels,School-edition lead,ED2-05,2029-03-26,2029-06-15,131,142,Variable; budget 8-24 plus requested revisions,P0,Decision record or pending/declined status and action plan,"Date range is follow-up planning, not promised approval; listing, selection and funding are separate gates",,NOT STARTED - proposed plan,S16;S17;S20;S21,https://narodne-novine.nn.hr/clanci/sluzbeni/2018_12_116_2288.html | https://www.azoo.hr/drugi-obrazovni-materijali-arhiva/postupak-za-objavu-drugog-obrazovnog-materijala-u-virtualni-repozitorij/ | https://www.azoo.hr/drugi-obrazovni-materijali-arhiva/agencija-za-odgoj-i-obrazovanje-objavljuje-katalog-odobrenih-drugih-obrazovnih-materijala/ | https://narodne-novine.nn.hr/eli/sluzbeni/2026/81/969
ED3-06,08 School editions,Conditional adoption,B3,Respond to reviewers and release school SKU only after written clearance,1) Track competent-agency reviewer requests; 2) revise under controlled review; 3) obtain written decision and verify applicable listing; 4) release only the exact approved scope; 5) seek lawful school selection separately,School-edition lead,ED3-05,2029-03-26,2029-06-15,131,142,Variable; budget 8-24 plus requested revisions,P0,Decision record or pending/declined status and action plan,"Date range is follow-up planning, not promised approval; listing, selection and funding are separate gates; ASOO timing/checklist applies to vocational-subject scope if confirmed, not the AZOO deadline by default",,NOT STARTED - proposed plan,S16;S17;S20;S21;S34,https://narodne-novine.nn.hr/clanci/sluzbeni/2018_12_116_2288.html | https://www.azoo.hr/drugi-obrazovni-materijali-arhiva/postupak-za-objavu-drugog-obrazovnog-materijala-u-virtualni-repozitorij/ | https://www.azoo.hr/drugi-obrazovni-materijali-arhiva/agencija-za-odgoj-i-obrazovanje-objavljuje-katalog-odobrenih-drugih-obrazovnih-materijala/ | https://narodne-novine.nn.hr/eli/sluzbeni/2026/81/969 | https://www.asoo.hr/obrazovanje/strukovno-obrazovanje/drugi-obrazovni-materijali/
